Datetime,Open,High,Low,Close,Volume,Dividends,Stock Splits
2025-04-21 00:01:00,2.4228999614715576,2.4228999614715576,2.4228999614715576,2.4228999614715576,0,0.0,0.0
2025-04-21 00:03:00,2.422800064086914,2.422800064086914,2.422800064086914,2.422800064086914,0,0.0,0.0
2025-04-21 00:05:00,2.4230000972747803,2.4230000972747803,2.4230000972747803,2.4230000972747803,0,0.0,0.0
2025-04-21 00:07:00,2.422100067138672,2.422100067138672,2.422100067138672,2.422100067138672,0,0.0,0.0
2025-04-21 00:09:00,2.4221999645233154,2.4221999645233154,2.4221999645233154,2.4221999645233154,0,0.0,0.0
2025-04-21 00:11:00,2.4219000339508057,2.4219000339508057,2.4219000339508057,2.4219000339508057,0,0.0,0.0
2025-04-21 00:13:00,2.421999931335449,2.421999931335449,2.421999931335449,2.421999931335449,0,0.0,0.0
2025-04-21 00:15:00,2.4217000007629395,2.4217000007629395,2.4217000007629395,2.4217000007629395,0,0.0,0.0
2025-04-21 00:17:00,2.421299934387207,2.421299934387207,2.421299934387207,2.421299934387207,0,0.0,0.0
2025-04-21 00:19:00,2.4210000038146973,2.4210000038146973,2.4210000038146973,2.4210000038146973,0,0.0,0.0
2025-04-21 00:21:00,2.4200000762939453,2.4200000762939453,2.4200000762939453,2.4200000762939453,0,0.0,0.0
2025-04-21 00:23:00,2.419300079345703,2.419300079345703,2.419300079345703,2.419300079345703,0,0.0,0.0
2025-04-21 00:25:00,2.419100046157837,2.419100046157837,2.419100046157837,2.419100046157837,0,0.0,0.0
2025-04-21 00:27:00,2.418800115585327,2.418800115585327,2.418800115585327,2.418800115585327,0,0.0,0.0
2025-04-21 00:29:00,2.4186999797821045,2.4186999797821045,2.4186999797821045,2.4186999797821045,0,0.0,0.0
2025-04-21 00:31:00,2.417099952697754,2.417099952697754,2.417099952697754,2.417099952697754,0,0.0,0.0
2025-04-21 00:33:00,2.4175000190734863,2.4175000190734863,2.4175000190734863,2.4175000190734863,0,0.0,0.0
2025-04-21 00:35:00,2.4168999195098877,2.4168999195098877,2.4168999195098877,2.4168999195098877,0,0.0,0.0
2025-04-21 00:37:00,2.4173998832702637,2.4173998832702637,2.4173998832702637,2.4173998832702637,0,0.0,0.0
2025-04-21 00:39:00,2.4175000190734863,2.4175000190734863,2.4175000190734863,2.4175000190734863,0,0.0,0.0
2025-04-21 00:41:00,2.417099952697754,2.417099952697754,2.417099952697754,2.417099952697754,0,0.0,0.0
2025-04-21 00:43:00,2.4172000885009766,2.4172000885009766,2.4172000885009766,2.4172000885009766,0,0.0,0.0
2025-04-21 00:45:00,2.417799949645996,2.417799949645996,2.417799949645996,2.417799949645996,0,0.0,0.0
2025-04-21 00:47:00,2.4177000522613525,2.4177000522613525,2.4177000522613525,2.4177000522613525,0,0.0,0.0
2025-04-21 00:49:00,2.41759991645813,2.41759991645813,2.41759991645813,2.41759991645813,0,0.0,0.0
2025-04-21 00:51:00,2.4177000522613525,2.4177000522613525,2.4177000522613525,2.4177000522613525,0,0.0,0.0
2025-04-21 00:53:00,2.418100118637085,2.418100118637085,2.418100118637085,2.418100118637085,0,0.0,0.0
2025-04-21 00:55:00,2.4184000492095947,2.4184000492095947,2.4184000492095947,2.4184000492095947,0,0.0,0.0
2025-04-21 00:57:00,2.4186999797821045,2.4186999797821045,2.4186999797821045,2.4186999797821045,0,0.0,0.0
2025-04-21 00:59:00,2.418600082397461,2.418600082397461,2.418600082397461,2.418600082397461,0,0.0,0.0
2025-04-21 01:01:00,2.417799949645996,2.417799949645996,2.417799949645996,2.417799949645996,0,0.0,0.0
2025-04-21 01:03:00,2.418100118637085,2.418100118637085,2.418100118637085,2.418100118637085,0,0.0,0.0
2025-04-21 01:05:00,2.418100118637085,2.418100118637085,2.418100118637085,2.418100118637085,0,0.0,0.0
2025-04-21 01:07:00,2.4182000160217285,2.4182000160217285,2.4182000160217285,2.4182000160217285,0,0.0,0.0
2025-04-21 01:09:00,2.4179999828338623,2.4179999828338623,2.4179999828338623,2.4179999828338623,0,0.0,0.0
2025-04-21 01:11:00,2.418100118637085,2.418100118637085,2.418100118637085,2.418100118637085,0,0.0,0.0
2025-04-21 01:13:00,2.418100118637085,2.418100118637085,2.418100118637085,2.418100118637085,0,0.0,0.0
2025-04-21 01:15:00,2.4186999797821045,2.4186999797821045,2.4186999797821045,2.4186999797821045,0,0.0,0.0
2025-04-21 01:17:00,2.4186999797821045,2.4186999797821045,2.4186999797821045,2.4186999797821045,0,0.0,0.0
2025-04-21 01:19:00,2.418600082397461,2.418600082397461,2.418600082397461,2.418600082397461,0,0.0,0.0
2025-04-21 01:21:00,2.418600082397461,2.418600082397461,2.418600082397461,2.418600082397461,0,0.0,0.0
2025-04-21 01:23:00,2.418600082397461,2.418600082397461,2.418600082397461,2.418600082397461,0,0.0,0.0
2025-04-21 01:25:00,2.4179999828338623,2.4179999828338623,2.4179999828338623,2.4179999828338623,0,0.0,0.0
2025-04-21 01:27:00,2.4173998832702637,2.4173998832702637,2.4173998832702637,2.4173998832702637,0,0.0,0.0
2025-04-21 01:29:00,2.4170000553131104,2.4170000553131104,2.4170000553131104,2.4170000553131104,0,0.0,0.0
2025-04-21 01:31:00,2.417099952697754,2.417099952697754,2.417099952697754,2.417099952697754,0,0.0,0.0
2025-04-21 01:33:00,2.4168999195098877,2.4168999195098877,2.4168999195098877,2.4168999195098877,0,0.0,0.0
2025-04-21 01:35:00,2.4168999195098877,2.4168999195098877,2.4168999195098877,2.4168999195098877,0,0.0,0.0
2025-04-21 01:37:00,2.4168999195098877,2.4168999195098877,2.4168999195098877,2.4168999195098877,0,0.0,0.0
2025-04-21 01:39:00,2.4170000553131104,2.4170000553131104,2.4170000553131104,2.4170000553131104,0,0.0,0.0
2025-04-21 01:41:00,2.4172000885009766,2.4172000885009766,2.4172000885009766,2.4172000885009766,0,0.0,0.0
2025-04-21 01:43:00,2.416800022125244,2.416800022125244,2.416800022125244,2.416800022125244,0,0.0,0.0
2025-04-21 01:45:00,2.4165000915527344,2.4165000915527344,2.4165000915527344,2.4165000915527344,0,0.0,0.0
2025-04-21 01:47:00,2.4163999557495117,2.4163999557495117,2.4163999557495117,2.4163999557495117,0,0.0,0.0
2025-04-21 01:49:00,2.4163999557495117,2.4163999557495117,2.4163999557495117,2.4163999557495117,0,0.0,0.0
2025-04-21 01:51:00,2.4163999557495117,2.4163999557495117,2.4163999557495117,2.4163999557495117,0,0.0,0.0
2025-04-21 01:53:00,2.415600061416626,2.415600061416626,2.415600061416626,2.415600061416626,0,0.0,0.0
2025-04-21 01:55:00,2.415800094604492,2.415800094604492,2.415800094604492,2.415800094604492,0,0.0,0.0
2025-04-21 01:57:00,2.4158999919891357,2.4158999919891357,2.4158999919891357,2.4158999919891357,0,0.0,0.0
2025-04-21 01:59:00,2.415800094604492,2.415800094604492,2.415800094604492,2.415800094604492,0,0.0,0.0
2025-04-21 02:01:00,2.415800094604492,2.415800094604492,2.415800094604492,2.415800094604492,0,0.0,0.0
2025-04-21 02:03:00,2.4158999919891357,2.4158999919891357,2.4158999919891357,2.4158999919891357,0,0.0,0.0
2025-04-21 02:05:00,2.4173998832702637,2.4173998832702637,2.4173998832702637,2.4173998832702637,0,0.0,0.0
2025-04-21 02:07:00,2.41729998588562,2.41729998588562,2.41729998588562,2.41729998588562,0,0.0,0.0
2025-04-21 02:09:00,2.4172000885009766,2.4172000885009766,2.4172000885009766,2.4172000885009766,0,0.0,0.0
2025-04-21 02:11:00,2.4173998832702637,2.4173998832702637,2.4173998832702637,2.4173998832702637,0,0.0,0.0
2025-04-21 02:13:00,2.41729998588562,2.41729998588562,2.41729998588562,2.41729998588562,0,0.0,0.0
2025-04-21 02:15:00,2.41729998588562,2.41729998588562,2.41729998588562,2.41729998588562,0,0.0,0.0
2025-04-21 02:17:00,2.4165000915527344,2.4165000915527344,2.4165000915527344,2.4165000915527344,0,0.0,0.0
2025-04-21 02:19:00,2.4163999557495117,2.4163999557495117,2.4163999557495117,2.4163999557495117,0,0.0,0.0
2025-04-21 02:21:00,2.4163999557495117,2.4163999557495117,2.4163999557495117,2.4163999557495117,0,0.0,0.0
2025-04-21 02:23:00,2.416599988937378,2.416599988937378,2.416599988937378,2.416599988937378,0,0.0,0.0
2025-04-21 02:25:00,2.4163999557495117,2.4163999557495117,2.4163999557495117,2.4163999557495117,0,0.0,0.0
2025-04-21 02:27:00,2.416599988937378,2.416599988937378,2.416599988937378,2.416599988937378,0,0.0,0.0
2025-04-21 02:29:00,2.4131999015808105,2.4131999015808105,2.4131999015808105,2.4131999015808105,0,0.0,0.0
2025-04-21 02:31:00,2.4130001068115234,2.4130001068115234,2.4130001068115234,2.4130001068115234,0,0.0,0.0
2025-04-21 02:33:00,2.412600040435791,2.412600040435791,2.412600040435791,2.412600040435791,0,0.0,0.0
2025-04-21 02:35:00,2.412400007247925,2.412400007247925,2.412400007247925,2.412400007247925,0,0.0,0.0
2025-04-21 02:37:00,2.4124999046325684,2.4124999046325684,2.4124999046325684,2.4124999046325684,0,0.0,0.0
2025-04-21 02:39:00,2.4123001098632812,2.4123001098632812,2.4123001098632812,2.4123001098632812,0,0.0,0.0
2025-04-21 02:41:00,2.4121999740600586,2.4121999740600586,2.4121999740600586,2.4121999740600586,0,0.0,0.0
2025-04-21 02:43:00,2.412400007247925,2.412400007247925,2.412400007247925,2.412400007247925,0,0.0,0.0
2025-04-21 02:45:00,2.4133999347686768,2.4133999347686768,2.4133999347686768,2.4133999347686768,0,0.0,0.0
2025-04-21 02:47:00,2.413599967956543,2.413599967956543,2.413599967956543,2.413599967956543,0,0.0,0.0
2025-04-21 02:49:00,2.4135000705718994,2.4135000705718994,2.4135000705718994,2.4135000705718994,0,0.0,0.0
2025-04-21 02:51:00,2.4137001037597656,2.4137001037597656,2.4137001037597656,2.4137001037597656,0,0.0,0.0
2025-04-21 02:53:00,2.413300037384033,2.413300037384033,2.413300037384033,2.413300037384033,0,0.0,0.0
2025-04-21 02:55:00,2.4135000705718994,2.4135000705718994,2.4135000705718994,2.4135000705718994,0,0.0,0.0
2025-04-21 02:57:00,2.4133999347686768,2.4133999347686768,2.4133999347686768,2.4133999347686768,0,0.0,0.0
2025-04-21 02:59:00,2.413800001144409,2.413800001144409,2.413800001144409,2.413800001144409,0,0.0,0.0
2025-04-21 03:01:00,2.413599967956543,2.413599967956543,2.413599967956543,2.413599967956543,0,0.0,0.0
2025-04-21 03:03:00,2.4137001037597656,2.4137001037597656,2.4137001037597656,2.4137001037597656,0,0.0,0.0
2025-04-21 03:05:00,2.412600040435791,2.412600040435791,2.412600040435791,2.412600040435791,0,0.0,0.0
2025-04-21 03:07:00,2.4123001098632812,2.4123001098632812,2.4123001098632812,2.4123001098632812,0,0.0,0.0
2025-04-21 03:09:00,2.412400007247925,2.412400007247925,2.412400007247925,2.412400007247925,0,0.0,0.0
2025-04-21 03:11:00,2.412400007247925,2.412400007247925,2.412400007247925,2.412400007247925,0,0.0,0.0
2025-04-21 03:13:00,2.411799907684326,2.411799907684326,2.411799907684326,2.411799907684326,0,0.0,0.0
2025-04-21 03:15:00,2.4119999408721924,2.4119999408721924,2.4119999408721924,2.4119999408721924,0,0.0,0.0
2025-04-21 03:17:00,2.412100076675415,2.412100076675415,2.412100076675415,2.412100076675415,0,0.0,0.0
2025-04-21 03:19:00,2.4128000736236572,2.4128000736236572,2.4128000736236572,2.4128000736236572,0,0.0,0.0
2025-04-21 03:21:00,2.413800001144409,2.413800001144409,2.413800001144409,2.413800001144409,0,0.0,0.0
2025-04-21 03:23:00,2.4135000705718994,2.4135000705718994,2.4135000705718994,2.4135000705718994,0,0.0,0.0
2025-04-21 03:25:00,2.4140000343322754,2.4140000343322754,2.4140000343322754,2.4140000343322754,0,0.0,0.0
2025-04-21 03:27:00,2.415600061416626,2.415600061416626,2.415600061416626,2.415600061416626,0,0.0,0.0
2025-04-21 03:29:00,2.4159998893737793,2.4159998893737793,2.4159998893737793,2.4159998893737793,0,0.0,0.0
2025-04-21 03:31:00,2.4161999225616455,2.4161999225616455,2.4161999225616455,2.4161999225616455,0,0.0,0.0
2025-04-21 03:33:00,2.4172000885009766,2.4172000885009766,2.4172000885009766,2.4172000885009766,0,0.0,0.0
2025-04-21 03:35:00,2.4173998832702637,2.4173998832702637,2.4173998832702637,2.4173998832702637,0,0.0,0.0
2025-04-21 03:37:00,2.4184999465942383,2.4184999465942383,2.4184999465942383,2.4184999465942383,0,0.0,0.0
2025-04-21 03:39:00,2.418600082397461,2.418600082397461,2.418600082397461,2.418600082397461,0,0.0,0.0
2025-04-21 03:41:00,2.41729998588562,2.41729998588562,2.41729998588562,2.41729998588562,0,0.0,0.0
2025-04-21 03:43:00,2.4166998863220215,2.4166998863220215,2.4166998863220215,2.4166998863220215,0,0.0,0.0
2025-04-21 03:45:00,2.416599988937378,2.416599988937378,2.416599988937378,2.416599988937378,0,0.0,0.0
2025-04-21 03:49:00,2.415800094604492,2.415800094604492,2.415800094604492,2.415800094604492,0,0.0,0.0
2025-04-21 03:51:00,2.414900064468384,2.414900064468384,2.414900064468384,2.414900064468384,0,0.0,0.0
2025-04-21 03:53:00,2.414799928665161,2.414799928665161,2.414799928665161,2.414799928665161,0,0.0,0.0
2025-04-21 03:55:00,2.414599895477295,2.414599895477295,2.414599895477295,2.414599895477295,0,0.0,0.0
2025-04-21 03:57:00,2.414599895477295,2.414599895477295,2.414599895477295,2.414599895477295,0,0.0,0.0
2025-04-21 03:59:00,2.4131999015808105,2.4131999015808105,2.4131999015808105,2.4131999015808105,0,0.0,0.0
2025-04-21 04:01:00,2.412899971008301,2.412899971008301,2.412899971008301,2.412899971008301,0,0.0,0.0
2025-04-21 04:03:00,2.4131999015808105,2.4131999015808105,2.4131999015808105,2.4131999015808105,0,0.0,0.0
2025-04-21 04:05:00,2.4131999015808105,2.4131999015808105,2.4131999015808105,2.4131999015808105,0,0.0,0.0
2025-04-21 04:07:00,2.413300037384033,2.413300037384033,2.413300037384033,2.413300037384033,0,0.0,0.0
2025-04-21 04:09:00,2.414799928665161,2.414799928665161,2.414799928665161,2.414799928665161,0,0.0,0.0
2025-04-21 04:11:00,2.415600061416626,2.415600061416626,2.415600061416626,2.415600061416626,0,0.0,0.0
2025-04-21 04:13:00,2.4165000915527344,2.4165000915527344,2.4165000915527344,2.4165000915527344,0,0.0,0.0
2025-04-21 04:15:00,2.4158999919891357,2.4158999919891357,2.4158999919891357,2.4158999919891357,0,0.0,0.0
2025-04-21 04:17:00,2.4161999225616455,2.4161999225616455,2.4161999225616455,2.4161999225616455,0,0.0,0.0
2025-04-21 04:19:00,2.4159998893737793,2.4159998893737793,2.4159998893737793,2.4159998893737793,0,0.0,0.0
2025-04-21 04:21:00,2.415600061416626,2.415600061416626,2.415600061416626,2.415600061416626,0,0.0,0.0
2025-04-21 04:23:00,2.4158999919891357,2.4158999919891357,2.4158999919891357,2.4158999919891357,0,0.0,0.0
2025-04-21 04:25:00,2.415600061416626,2.415600061416626,2.415600061416626,2.415600061416626,0,0.0,0.0
2025-04-21 04:27:00,2.415600061416626,2.415600061416626,2.415600061416626,2.415600061416626,0,0.0,0.0
2025-04-21 04:29:00,2.415299892425537,2.415299892425537,2.415299892425537,2.415299892425537,0,0.0,0.0
2025-04-21 04:31:00,2.4147000312805176,2.4147000312805176,2.4147000312805176,2.4147000312805176,0,0.0,0.0
2025-04-21 04:33:00,2.414799928665161,2.414799928665161,2.414799928665161,2.414799928665161,0,0.0,0.0
2025-04-21 04:35:00,2.414400100708008,2.414400100708008,2.414400100708008,2.414400100708008,0,0.0,0.0
2025-04-21 04:37:00,2.414599895477295,2.414599895477295,2.414599895477295,2.414599895477295,0,0.0,0.0
2025-04-21 04:39:00,2.414299964904785,2.414299964904785,2.414299964904785,2.414299964904785,0,0.0,0.0
2025-04-21 04:41:00,2.414599895477295,2.414599895477295,2.414599895477295,2.414599895477295,0,0.0,0.0
2025-04-21 04:43:00,2.414599895477295,2.414599895477295,2.414599895477295,2.414599895477295,0,0.0,0.0
2025-04-21 04:45:00,2.4144999980926514,2.4144999980926514,2.4144999980926514,2.4144999980926514,0,0.0,0.0
2025-04-21 04:47:00,2.414599895477295,2.414599895477295,2.414599895477295,2.414599895477295,0,0.0,0.0
2025-04-21 04:49:00,2.4144999980926514,2.4144999980926514,2.4144999980926514,2.4144999980926514,0,0.0,0.0
2025-04-21 04:51:00,2.414400100708008,2.414400100708008,2.414400100708008,2.414400100708008,0,0.0,0.0
2025-04-21 04:53:00,2.414299964904785,2.414299964904785,2.414299964904785,2.414299964904785,0,0.0,0.0
2025-04-21 04:55:00,2.4144999980926514,2.4144999980926514,2.4144999980926514,2.4144999980926514,0,0.0,0.0
2025-04-21 04:57:00,2.4144999980926514,2.4144999980926514,2.4144999980926514,2.4144999980926514,0,0.0,0.0
2025-04-21 04:59:00,2.413800001144409,2.413800001144409,2.413800001144409,2.413800001144409,0,0.0,0.0
2025-04-21 05:01:00,2.4131999015808105,2.4131999015808105,2.4131999015808105,2.4131999015808105,0,0.0,0.0
2025-04-21 05:03:00,2.413100004196167,2.413100004196167,2.413100004196167,2.413100004196167,0,0.0,0.0
2025-04-21 05:05:00,2.413100004196167,2.413100004196167,2.413100004196167,2.413100004196167,0,0.0,0.0
2025-04-21 05:07:00,2.412100076675415,2.412100076675415,2.412100076675415,2.412100076675415,0,0.0,0.0
2025-04-21 05:09:00,2.4121999740600586,2.4121999740600586,2.4121999740600586,2.4121999740600586,0,0.0,0.0
2025-04-21 05:11:00,2.4119999408721924,2.4119999408721924,2.4119999408721924,2.4119999408721924,0,0.0,0.0
2025-04-21 05:13:00,2.411799907684326,2.411799907684326,2.411799907684326,2.411799907684326,0,0.0,0.0
2025-04-21 05:15:00,2.412100076675415,2.412100076675415,2.412100076675415,2.412100076675415,0,0.0,0.0
2025-04-21 05:17:00,2.411600112915039,2.411600112915039,2.411600112915039,2.411600112915039,0,0.0,0.0
2025-04-21 05:19:00,2.4117000102996826,2.4117000102996826,2.4117000102996826,2.4117000102996826,0,0.0,0.0
2025-04-21 05:21:00,2.4112000465393066,2.4112000465393066,2.4112000465393066,2.4112000465393066,0,0.0,0.0
2025-04-21 05:23:00,2.411799907684326,2.411799907684326,2.411799907684326,2.411799907684326,0,0.0,0.0
2025-04-21 05:25:00,2.412100076675415,2.412100076675415,2.412100076675415,2.412100076675415,0,0.0,0.0
2025-04-21 05:27:00,2.4117000102996826,2.4117000102996826,2.4117000102996826,2.4117000102996826,0,0.0,0.0
2025-04-21 05:29:00,2.4114999771118164,2.4114999771118164,2.4114999771118164,2.4114999771118164,0,0.0,0.0
2025-04-21 05:31:00,2.410599946975708,2.410599946975708,2.410599946975708,2.410599946975708,0,0.0,0.0
2025-04-21 05:33:00,2.410599946975708,2.410599946975708,2.410599946975708,2.410599946975708,0,0.0,0.0
2025-04-21 05:35:00,2.410599946975708,2.410599946975708,2.410599946975708,2.410599946975708,0,0.0,0.0
2025-04-21 05:37:00,2.410900115966797,2.410900115966797,2.410900115966797,2.410900115966797,0,0.0,0.0
2025-04-21 05:39:00,2.410900115966797,2.410900115966797,2.410900115966797,2.410900115966797,0,0.0,0.0
2025-04-21 05:41:00,2.4107000827789307,2.4107000827789307,2.4107000827789307,2.4107000827789307,0,0.0,0.0
2025-04-21 05:43:00,2.4107000827789307,2.4107000827789307,2.4107000827789307,2.4107000827789307,0,0.0,0.0
2025-04-21 05:45:00,2.410599946975708,2.410599946975708,2.410599946975708,2.410599946975708,0,0.0,0.0
2025-04-21 05:47:00,2.410799980163574,2.410799980163574,2.410799980163574,2.410799980163574,0,0.0,0.0
2025-04-21 05:49:00,2.410399913787842,2.410399913787842,2.410399913787842,2.410399913787842,0,0.0,0.0
2025-04-21 05:51:00,2.4107000827789307,2.4107000827789307,2.4107000827789307,2.4107000827789307,0,0.0,0.0
2025-04-21 05:53:00,2.4138998985290527,2.4138998985290527,2.4138998985290527,2.4138998985290527,0,0.0,0.0
2025-04-21 05:55:00,2.414799928665161,2.414799928665161,2.414799928665161,2.414799928665161,0,0.0,0.0
2025-04-21 05:57:00,2.4149999618530273,2.4149999618530273,2.4149999618530273,2.4149999618530273,0,0.0,0.0
2025-04-21 05:59:00,2.414799928665161,2.414799928665161,2.414799928665161,2.414799928665161,0,0.0,0.0
2025-04-21 06:01:00,2.413300037384033,2.413300037384033,2.413300037384033,2.413300037384033,0,0.0,0.0
2025-04-21 06:03:00,2.4131999015808105,2.4131999015808105,2.4131999015808105,2.4131999015808105,0,0.0,0.0
2025-04-21 06:05:00,2.4149999618530273,2.4149999618530273,2.4149999618530273,2.4149999618530273,0,0.0,0.0
2025-04-21 06:07:00,2.4165000915527344,2.4165000915527344,2.4165000915527344,2.4165000915527344,0,0.0,0.0
2025-04-21 06:09:00,2.4161999225616455,2.4161999225616455,2.4161999225616455,2.4161999225616455,0,0.0,0.0
2025-04-21 06:11:00,2.414099931716919,2.414099931716919,2.414099931716919,2.414099931716919,0,0.0,0.0
2025-04-21 06:13:00,2.4161999225616455,2.4161999225616455,2.4161999225616455,2.4161999225616455,0,0.0,0.0
2025-04-21 06:15:00,2.416300058364868,2.416300058364868,2.416300058364868,2.416300058364868,0,0.0,0.0
2025-04-21 06:17:00,2.414799928665161,2.414799928665161,2.414799928665161,2.414799928665161,0,0.0,0.0
2025-04-21 06:19:00,2.41510009765625,2.41510009765625,2.41510009765625,2.41510009765625,0,0.0,0.0
2025-04-21 06:21:00,2.414799928665161,2.414799928665161,2.414799928665161,2.414799928665161,0,0.0,0.0
2025-04-21 06:23:00,2.4154000282287598,2.4154000282287598,2.4154000282287598,2.4154000282287598,0,0.0,0.0
2025-04-21 06:25:00,2.415800094604492,2.415800094604492,2.415800094604492,2.415800094604492,0,0.0,0.0
2025-04-21 06:27:00,2.415800094604492,2.415800094604492,2.415800094604492,2.415800094604492,0,0.0,0.0
2025-04-21 06:29:00,2.416100025177002,2.416100025177002,2.416100025177002,2.416100025177002,0,0.0,0.0
2025-04-21 06:31:00,2.4165000915527344,2.4165000915527344,2.4165000915527344,2.4165000915527344,0,0.0,0.0
2025-04-21 06:33:00,2.4166998863220215,2.4166998863220215,2.4166998863220215,2.4166998863220215,0,0.0,0.0
2025-04-21 06:35:00,2.416300058364868,2.416300058364868,2.416300058364868,2.416300058364868,0,0.0,0.0
2025-04-21 06:37:00,2.4142000675201416,2.4142000675201416,2.4142000675201416,2.4142000675201416,0,0.0,0.0
2025-04-21 06:39:00,2.413100004196167,2.413100004196167,2.413100004196167,2.413100004196167,0,0.0,0.0
2025-04-21 06:41:00,2.4130001068115234,2.4130001068115234,2.4130001068115234,2.4130001068115234,0,0.0,0.0
2025-04-21 06:43:00,2.413599967956543,2.413599967956543,2.413599967956543,2.413599967956543,0,0.0,0.0
2025-04-21 06:45:00,2.4130001068115234,2.4130001068115234,2.4130001068115234,2.4130001068115234,0,0.0,0.0
2025-04-21 06:47:00,2.413100004196167,2.413100004196167,2.413100004196167,2.413100004196167,0,0.0,0.0
2025-04-21 06:49:00,2.4131999015808105,2.4131999015808105,2.4131999015808105,2.4131999015808105,0,0.0,0.0
2025-04-21 06:51:00,2.412899971008301,2.412899971008301,2.412899971008301,2.412899971008301,0,0.0,0.0
2025-04-21 06:53:00,2.412899971008301,2.412899971008301,2.412899971008301,2.412899971008301,0,0.0,0.0
2025-04-21 06:55:00,2.4133999347686768,2.4133999347686768,2.4133999347686768,2.4133999347686768,0,0.0,0.0
2025-04-21 06:57:00,2.4123001098632812,2.4123001098632812,2.4123001098632812,2.4123001098632812,0,0.0,0.0
2025-04-21 06:59:00,2.412100076675415,2.412100076675415,2.412100076675415,2.412100076675415,0,0.0,0.0
2025-04-21 07:01:00,2.4117000102996826,2.4117000102996826,2.4117000102996826,2.4117000102996826,0,0.0,0.0
2025-04-21 07:03:00,2.411799907684326,2.411799907684326,2.411799907684326,2.411799907684326,0,0.0,0.0
2025-04-21 07:05:00,2.411900043487549,2.411900043487549,2.411900043487549,2.411900043487549,0,0.0,0.0
2025-04-21 07:07:00,2.4121999740600586,2.4121999740600586,2.4121999740600586,2.4121999740600586,0,0.0,0.0
2025-04-21 07:09:00,2.412100076675415,2.412100076675415,2.412100076675415,2.412100076675415,0,0.0,0.0
2025-04-21 07:11:00,2.4121999740600586,2.4121999740600586,2.4121999740600586,2.4121999740600586,0,0.0,0.0
2025-04-21 07:13:00,2.412400007247925,2.412400007247925,2.412400007247925,2.412400007247925,0,0.0,0.0
2025-04-21 07:15:00,2.4121999740600586,2.4121999740600586,2.4121999740600586,2.4121999740600586,0,0.0,0.0
2025-04-21 07:17:00,2.4121999740600586,2.4121999740600586,2.4121999740600586,2.4121999740600586,0,0.0,0.0
2025-04-21 07:19:00,2.4119999408721924,2.4119999408721924,2.4119999408721924,2.4119999408721924,0,0.0,0.0
2025-04-21 07:21:00,2.410799980163574,2.410799980163574,2.410799980163574,2.410799980163574,0,0.0,0.0
2025-04-21 07:23:00,2.4103000164031982,2.4103000164031982,2.4103000164031982,2.4103000164031982,0,0.0,0.0
2025-04-21 07:25:00,2.4114999771118164,2.4114999771118164,2.4114999771118164,2.4114999771118164,0,0.0,0.0
2025-04-21 07:27:00,2.411400079727173,2.411400079727173,2.411400079727173,2.411400079727173,0,0.0,0.0
2025-04-21 07:29:00,2.41129994392395,2.41129994392395,2.41129994392395,2.41129994392395,0,0.0,0.0
2025-04-21 07:31:00,2.40910005569458,2.40910005569458,2.40910005569458,2.40910005569458,0,0.0,0.0
2025-04-21 07:33:00,2.407399892807007,2.407399892807007,2.407399892807007,2.407399892807007,0,0.0,0.0
2025-04-21 07:35:00,2.407099962234497,2.407099962234497,2.407099962234497,2.407099962234497,0,0.0,0.0
2025-04-21 07:37:00,2.4086999893188477,2.4086999893188477,2.4086999893188477,2.4086999893188477,0,0.0,0.0
2025-04-21 07:39:00,2.40939998626709,2.40939998626709,2.40939998626709,2.40939998626709,0,0.0,0.0
2025-04-21 07:41:00,2.4084999561309814,2.4084999561309814,2.4084999561309814,2.4084999561309814,0,0.0,0.0
2025-04-21 07:43:00,2.40910005569458,2.40910005569458,2.40910005569458,2.40910005569458,0,0.0,0.0
2025-04-21 07:45:00,2.4082000255584717,2.4082000255584717,2.4082000255584717,2.4082000255584717,0,0.0,0.0
2025-04-21 07:47:00,2.408799886703491,2.408799886703491,2.408799886703491,2.408799886703491,0,0.0,0.0
2025-04-21 07:49:00,2.408799886703491,2.408799886703491,2.408799886703491,2.408799886703491,0,0.0,0.0
2025-04-21 07:51:00,2.409600019454956,2.409600019454956,2.409600019454956,2.409600019454956,0,0.0,0.0
2025-04-21 07:53:00,2.409899950027466,2.409899950027466,2.409899950027466,2.409899950027466,0,0.0,0.0
2025-04-21 07:55:00,2.410399913787842,2.410399913787842,2.410399913787842,2.410399913787842,0,0.0,0.0
2025-04-21 07:57:00,2.4096999168395996,2.4096999168395996,2.4096999168395996,2.4096999168395996,0,0.0,0.0
2025-04-21 07:59:00,2.4093000888824463,2.4093000888824463,2.4093000888824463,2.4093000888824463,0,0.0,0.0
2025-04-21 08:01:00,2.409899950027466,2.409899950027466,2.409899950027466,2.409899950027466,0,0.0,0.0
2025-04-21 08:03:00,2.411900043487549,2.411900043487549,2.411900043487549,2.411900043487549,0,0.0,0.0
2025-04-21 08:05:00,2.410799980163574,2.410799980163574,2.410799980163574,2.410799980163574,0,0.0,0.0
2025-04-21 08:07:00,2.4110000133514404,2.4110000133514404,2.4110000133514404,2.4110000133514404,0,0.0,0.0
2025-04-21 08:09:00,2.4107000827789307,2.4107000827789307,2.4107000827789307,2.4107000827789307,0,0.0,0.0
2025-04-21 08:11:00,2.410900115966797,2.410900115966797,2.410900115966797,2.410900115966797,0,0.0,0.0
2025-04-21 08:13:00,2.4110000133514404,2.4110000133514404,2.4110000133514404,2.4110000133514404,0,0.0,0.0
2025-04-21 08:15:00,2.4107000827789307,2.4107000827789307,2.4107000827789307,2.4107000827789307,0,0.0,0.0
2025-04-21 08:17:00,2.408900022506714,2.408900022506714,2.408900022506714,2.408900022506714,0,0.0,0.0
2025-04-21 08:19:00,2.4094998836517334,2.4094998836517334,2.4094998836517334,2.4094998836517334,0,0.0,0.0
2025-04-21 08:21:00,2.409600019454956,2.409600019454956,2.409600019454956,2.409600019454956,0,0.0,0.0
2025-04-21 08:23:00,2.4096999168395996,2.4096999168395996,2.4096999168395996,2.4096999168395996,0,0.0,0.0
2025-04-21 08:25:00,2.40939998626709,2.40939998626709,2.40939998626709,2.40939998626709,0,0.0,0.0
2025-04-21 08:27:00,2.4094998836517334,2.4094998836517334,2.4094998836517334,2.4094998836517334,0,0.0,0.0
2025-04-21 08:29:00,2.4094998836517334,2.4094998836517334,2.4094998836517334,2.4094998836517334,0,0.0,0.0
2025-04-21 08:31:00,2.409600019454956,2.409600019454956,2.409600019454956,2.409600019454956,0,0.0,0.0
2025-04-21 08:33:00,2.4098000526428223,2.4098000526428223,2.4098000526428223,2.4098000526428223,0,0.0,0.0
2025-04-21 08:35:00,2.409600019454956,2.409600019454956,2.409600019454956,2.409600019454956,0,0.0,0.0
2025-04-21 08:37:00,2.410099983215332,2.410099983215332,2.410099983215332,2.410099983215332,0,0.0,0.0
2025-04-21 08:39:00,2.411099910736084,2.411099910736084,2.411099910736084,2.411099910736084,0,0.0,0.0
2025-04-21 08:41:00,2.410599946975708,2.410599946975708,2.410599946975708,2.410599946975708,0,0.0,0.0
2025-04-21 08:43:00,2.410900115966797,2.410900115966797,2.410900115966797,2.410900115966797,0,0.0,0.0
2025-04-21 08:45:00,2.411099910736084,2.411099910736084,2.411099910736084,2.411099910736084,0,0.0,0.0
2025-04-21 08:47:00,2.410599946975708,2.410599946975708,2.410599946975708,2.410599946975708,0,0.0,0.0
2025-04-21 08:49:00,2.411099910736084,2.411099910736084,2.411099910736084,2.411099910736084,0,0.0,0.0
2025-04-21 08:51:00,2.410900115966797,2.410900115966797,2.410900115966797,2.410900115966797,0,0.0,0.0
2025-04-21 08:53:00,2.410900115966797,2.410900115966797,2.410900115966797,2.410900115966797,0,0.0,0.0
2025-04-21 08:55:00,2.4110000133514404,2.4110000133514404,2.4110000133514404,2.4110000133514404,0,0.0,0.0
2025-04-21 08:57:00,2.411099910736084,2.411099910736084,2.411099910736084,2.411099910736084,0,0.0,0.0
2025-04-21 08:59:00,2.411799907684326,2.411799907684326,2.411799907684326,2.411799907684326,0,0.0,0.0
2025-04-21 09:01:00,2.4119999408721924,2.4119999408721924,2.4119999408721924,2.4119999408721924,0,0.0,0.0
2025-04-21 09:03:00,2.411900043487549,2.411900043487549,2.411900043487549,2.411900043487549,0,0.0,0.0
2025-04-21 09:05:00,2.4119999408721924,2.4119999408721924,2.4119999408721924,2.4119999408721924,0,0.0,0.0
2025-04-21 09:07:00,2.411400079727173,2.411400079727173,2.411400079727173,2.411400079727173,0,0.0,0.0
2025-04-21 09:09:00,2.4112000465393066,2.4112000465393066,2.4112000465393066,2.4112000465393066,0,0.0,0.0
2025-04-21 09:11:00,2.411099910736084,2.411099910736084,2.411099910736084,2.411099910736084,0,0.0,0.0
2025-04-21 09:13:00,2.4096999168395996,2.4096999168395996,2.4096999168395996,2.4096999168395996,0,0.0,0.0
2025-04-21 09:15:00,2.4096999168395996,2.4096999168395996,2.4096999168395996,2.4096999168395996,0,0.0,0.0
2025-04-21 09:17:00,2.409899950027466,2.409899950027466,2.409899950027466,2.409899950027466,0,0.0,0.0
2025-04-21 09:19:00,2.409600019454956,2.409600019454956,2.409600019454956,2.409600019454956,0,0.0,0.0
2025-04-21 09:21:00,2.4091999530792236,2.4091999530792236,2.4091999530792236,2.4091999530792236,0,0.0,0.0
2025-04-21 09:23:00,2.40910005569458,2.40910005569458,2.40910005569458,2.40910005569458,0,0.0,0.0
2025-04-21 09:25:00,2.4094998836517334,2.4094998836517334,2.4094998836517334,2.4094998836517334,0,0.0,0.0
2025-04-21 09:27:00,2.4096999168395996,2.4096999168395996,2.4096999168395996,2.4096999168395996,0,0.0,0.0
2025-04-21 09:29:00,2.409899950027466,2.409899950027466,2.409899950027466,2.409899950027466,0,0.0,0.0
2025-04-21 09:31:00,2.4103000164031982,2.4103000164031982,2.4103000164031982,2.4103000164031982,0,0.0,0.0
2025-04-21 09:33:00,2.409600019454956,2.409600019454956,2.409600019454956,2.409600019454956,0,0.0,0.0
2025-04-21 09:35:00,2.408900022506714,2.408900022506714,2.408900022506714,2.408900022506714,0,0.0,0.0
2025-04-21 09:37:00,2.407900094985962,2.407900094985962,2.407900094985962,2.407900094985962,0,0.0,0.0
2025-04-21 09:39:00,2.4077000617980957,2.4077000617980957,2.4077000617980957,2.4077000617980957,0,0.0,0.0
2025-04-21 09:41:00,2.408099889755249,2.408099889755249,2.408099889755249,2.408099889755249,0,0.0,0.0
2025-04-21 09:43:00,2.4082000255584717,2.4082000255584717,2.4082000255584717,2.4082000255584717,0,0.0,0.0
2025-04-21 09:45:00,2.4082999229431152,2.4082999229431152,2.4082999229431152,2.4082999229431152,0,0.0,0.0
2025-04-21 09:47:00,2.408099889755249,2.408099889755249,2.408099889755249,2.408099889755249,0,0.0,0.0
2025-04-21 09:49:00,2.408400058746338,2.408400058746338,2.408400058746338,2.408400058746338,0,0.0,0.0
2025-04-21 09:51:00,2.4084999561309814,2.4084999561309814,2.4084999561309814,2.4084999561309814,0,0.0,0.0
2025-04-21 09:53:00,2.4093000888824463,2.4093000888824463,2.4093000888824463,2.4093000888824463,0,0.0,0.0
2025-04-21 09:55:00,2.4091999530792236,2.4091999530792236,2.4091999530792236,2.4091999530792236,0,0.0,0.0
2025-04-21 09:57:00,2.40910005569458,2.40910005569458,2.40910005569458,2.40910005569458,0,0.0,0.0
2025-04-21 09:59:00,2.408900022506714,2.408900022506714,2.408900022506714,2.408900022506714,0,0.0,0.0
2025-04-21 10:01:00,2.4077999591827393,2.4077999591827393,2.4077999591827393,2.4077999591827393,0,0.0,0.0
2025-04-21 10:03:00,2.4077999591827393,2.4077999591827393,2.4077999591827393,2.4077999591827393,0,0.0,0.0
2025-04-21 10:05:00,2.4077000617980957,2.4077000617980957,2.4077000617980957,2.4077000617980957,0,0.0,0.0
2025-04-21 10:07:00,2.4077000617980957,2.4077000617980957,2.4077000617980957,2.4077000617980957,0,0.0,0.0
2025-04-21 10:09:00,2.4082000255584717,2.4082000255584717,2.4082000255584717,2.4082000255584717,0,0.0,0.0
2025-04-21 10:11:00,2.4079999923706055,2.4079999923706055,2.4079999923706055,2.4079999923706055,0,0.0,0.0
2025-04-21 10:13:00,2.407900094985962,2.407900094985962,2.407900094985962,2.407900094985962,0,0.0,0.0
2025-04-21 10:15:00,2.407900094985962,2.407900094985962,2.407900094985962,2.407900094985962,0,0.0,0.0
2025-04-21 10:17:00,2.4077999591827393,2.4077999591827393,2.4077999591827393,2.4077999591827393,0,0.0,0.0
2025-04-21 10:19:00,2.4077000617980957,2.4077000617980957,2.4077000617980957,2.4077000617980957,0,0.0,0.0
2025-04-21 10:21:00,2.4077000617980957,2.4077000617980957,2.4077000617980957,2.4077000617980957,0,0.0,0.0
2025-04-21 10:23:00,2.4077000617980957,2.4077000617980957,2.4077000617980957,2.4077000617980957,0,0.0,0.0
2025-04-21 10:25:00,2.407900094985962,2.407900094985962,2.407900094985962,2.407900094985962,0,0.0,0.0
2025-04-21 10:27:00,2.4082000255584717,2.4082000255584717,2.4082000255584717,2.4082000255584717,0,0.0,0.0
2025-04-21 10:29:00,2.4079999923706055,2.4079999923706055,2.4079999923706055,2.4079999923706055,0,0.0,0.0
2025-04-21 10:31:00,2.408799886703491,2.408799886703491,2.408799886703491,2.408799886703491,0,0.0,0.0
2025-04-21 10:33:00,2.4082000255584717,2.4082000255584717,2.4082000255584717,2.4082000255584717,0,0.0,0.0
2025-04-21 10:35:00,2.4077000617980957,2.4077000617980957,2.4077000617980957,2.4077000617980957,0,0.0,0.0
2025-04-21 10:37:00,2.4084999561309814,2.4084999561309814,2.4084999561309814,2.4084999561309814,0,0.0,0.0
2025-04-21 10:39:00,2.4084999561309814,2.4084999561309814,2.4084999561309814,2.4084999561309814,0,0.0,0.0
2025-04-21 10:41:00,2.4084999561309814,2.4084999561309814,2.4084999561309814,2.4084999561309814,0,0.0,0.0
2025-04-21 10:43:00,2.4084999561309814,2.4084999561309814,2.4084999561309814,2.4084999561309814,0,0.0,0.0
2025-04-21 10:45:00,2.4077000617980957,2.4077000617980957,2.4077000617980957,2.4077000617980957,0,0.0,0.0
2025-04-21 10:47:00,2.4075000286102295,2.4075000286102295,2.4075000286102295,2.4075000286102295,0,0.0,0.0
2025-04-21 10:49:00,2.407599925994873,2.407599925994873,2.407599925994873,2.407599925994873,0,0.0,0.0
2025-04-21 10:51:00,2.4075000286102295,2.4075000286102295,2.4075000286102295,2.4075000286102295,0,0.0,0.0
2025-04-21 10:53:00,2.407399892807007,2.407399892807007,2.407399892807007,2.407399892807007,0,0.0,0.0
2025-04-21 10:55:00,2.407599925994873,2.407599925994873,2.407599925994873,2.407599925994873,0,0.0,0.0
2025-04-21 10:57:00,2.407099962234497,2.407099962234497,2.407099962234497,2.407099962234497,0,0.0,0.0
2025-04-21 10:59:00,2.407399892807007,2.407399892807007,2.407399892807007,2.407399892807007,0,0.0,0.0
2025-04-21 11:01:00,2.4072999954223633,2.4072999954223633,2.4072999954223633,2.4072999954223633,0,0.0,0.0
2025-04-21 11:03:00,2.4072999954223633,2.4072999954223633,2.4072999954223633,2.4072999954223633,0,0.0,0.0
2025-04-21 11:05:00,2.407399892807007,2.407399892807007,2.407399892807007,2.407399892807007,0,0.0,0.0
2025-04-21 11:07:00,2.4072000980377197,2.4072000980377197,2.4072000980377197,2.4072000980377197,0,0.0,0.0
2025-04-21 11:09:00,2.407599925994873,2.407599925994873,2.407599925994873,2.407599925994873,0,0.0,0.0
2025-04-21 11:11:00,2.407399892807007,2.407399892807007,2.407399892807007,2.407399892807007,0,0.0,0.0
2025-04-21 11:13:00,2.407399892807007,2.407399892807007,2.407399892807007,2.407399892807007,0,0.0,0.0
2025-04-21 11:15:00,2.406899929046631,2.406899929046631,2.406899929046631,2.406899929046631,0,0.0,0.0
2025-04-21 11:17:00,2.4089999198913574,2.4089999198913574,2.4089999198913574,2.4089999198913574,0,0.0,0.0
2025-04-21 11:19:00,2.408900022506714,2.408900022506714,2.408900022506714,2.408900022506714,0,0.0,0.0
2025-04-21 11:21:00,2.4089999198913574,2.4089999198913574,2.4089999198913574,2.4089999198913574,0,0.0,0.0
2025-04-21 11:23:00,2.408799886703491,2.408799886703491,2.408799886703491,2.408799886703491,0,0.0,0.0
2025-04-21 11:25:00,2.4098000526428223,2.4098000526428223,2.4098000526428223,2.4098000526428223,0,0.0,0.0
2025-04-21 11:27:00,2.4103000164031982,2.4103000164031982,2.4103000164031982,2.4103000164031982,0,0.0,0.0
2025-04-21 11:29:00,2.410599946975708,2.410599946975708,2.410599946975708,2.410599946975708,0,0.0,0.0
2025-04-21 11:31:00,2.411600112915039,2.411600112915039,2.411600112915039,2.411600112915039,0,0.0,0.0
2025-04-21 11:33:00,2.4110000133514404,2.4110000133514404,2.4110000133514404,2.4110000133514404,0,0.0,0.0
2025-04-21 11:35:00,2.410099983215332,2.410099983215332,2.410099983215332,2.410099983215332,0,0.0,0.0
2025-04-21 11:37:00,2.4100000858306885,2.4100000858306885,2.4100000858306885,2.4100000858306885,0,0.0,0.0
2025-04-21 11:39:00,2.408600091934204,2.408600091934204,2.408600091934204,2.408600091934204,0,0.0,0.0
2025-04-21 11:41:00,2.408600091934204,2.408600091934204,2.408600091934204,2.408600091934204,0,0.0,0.0
2025-04-21 11:43:00,2.408799886703491,2.408799886703491,2.408799886703491,2.408799886703491,0,0.0,0.0
2025-04-21 11:45:00,2.4089999198913574,2.4089999198913574,2.4089999198913574,2.4089999198913574,0,0.0,0.0
2025-04-21 11:47:00,2.40910005569458,2.40910005569458,2.40910005569458,2.40910005569458,0,0.0,0.0
2025-04-21 11:49:00,2.4098000526428223,2.4098000526428223,2.4098000526428223,2.4098000526428223,0,0.0,0.0
2025-04-21 11:51:00,2.408900022506714,2.408900022506714,2.408900022506714,2.408900022506714,0,0.0,0.0
2025-04-21 11:53:00,2.407599925994873,2.407599925994873,2.407599925994873,2.407599925994873,0,0.0,0.0
2025-04-21 11:55:00,2.4082999229431152,2.4082999229431152,2.4082999229431152,2.4082999229431152,0,0.0,0.0
2025-04-21 11:57:00,2.40939998626709,2.40939998626709,2.40939998626709,2.40939998626709,0,0.0,0.0
2025-04-21 11:59:00,2.40910005569458,2.40910005569458,2.40910005569458,2.40910005569458,0,0.0,0.0
2025-04-21 12:01:00,2.4086999893188477,2.4086999893188477,2.4086999893188477,2.4086999893188477,0,0.0,0.0
2025-04-21 12:03:00,2.4077000617980957,2.4077000617980957,2.4077000617980957,2.4077000617980957,0,0.0,0.0
2025-04-21 12:05:00,2.4077999591827393,2.4077999591827393,2.4077999591827393,2.4077999591827393,0,0.0,0.0
2025-04-21 12:07:00,2.407599925994873,2.407599925994873,2.407599925994873,2.407599925994873,0,0.0,0.0
2025-04-21 12:09:00,2.4077999591827393,2.4077999591827393,2.4077999591827393,2.4077999591827393,0,0.0,0.0
2025-04-21 12:11:00,2.4091999530792236,2.4091999530792236,2.4091999530792236,2.4091999530792236,0,0.0,0.0
2025-04-21 12:13:00,2.4091999530792236,2.4091999530792236,2.4091999530792236,2.4091999530792236,0,0.0,0.0
2025-04-21 12:15:00,2.408600091934204,2.408600091934204,2.408600091934204,2.408600091934204,0,0.0,0.0
2025-04-21 12:17:00,2.4072000980377197,2.4072000980377197,2.4072000980377197,2.4072000980377197,0,0.0,0.0
2025-04-21 12:19:00,2.4056999683380127,2.4056999683380127,2.4056999683380127,2.4056999683380127,0,0.0,0.0
2025-04-21 12:21:00,2.4056999683380127,2.4056999683380127,2.4056999683380127,2.4056999683380127,0,0.0,0.0
2025-04-21 12:23:00,2.4075000286102295,2.4075000286102295,2.4075000286102295,2.4075000286102295,0,0.0,0.0
2025-04-21 12:25:00,2.407900094985962,2.407900094985962,2.407900094985962,2.407900094985962,0,0.0,0.0
2025-04-21 12:27:00,2.4084999561309814,2.4084999561309814,2.4084999561309814,2.4084999561309814,0,0.0,0.0
2025-04-21 12:29:00,2.4077999591827393,2.4077999591827393,2.4077999591827393,2.4077999591827393,0,0.0,0.0
2025-04-21 12:31:00,2.408600091934204,2.408600091934204,2.408600091934204,2.408600091934204,0,0.0,0.0
2025-04-21 12:33:00,2.407599925994873,2.407599925994873,2.407599925994873,2.407599925994873,0,0.0,0.0
2025-04-21 12:35:00,2.4082999229431152,2.4082999229431152,2.4082999229431152,2.4082999229431152,0,0.0,0.0
2025-04-21 12:37:00,2.408799886703491,2.408799886703491,2.408799886703491,2.408799886703491,0,0.0,0.0
2025-04-21 12:39:00,2.409600019454956,2.409600019454956,2.409600019454956,2.409600019454956,0,0.0,0.0
2025-04-21 12:41:00,2.4098000526428223,2.4098000526428223,2.4098000526428223,2.4098000526428223,0,0.0,0.0
2025-04-21 12:43:00,2.4110000133514404,2.4110000133514404,2.4110000133514404,2.4110000133514404,0,0.0,0.0
2025-04-21 12:45:00,2.4110000133514404,2.4110000133514404,2.4110000133514404,2.4110000133514404,0,0.0,0.0
2025-04-21 12:47:00,2.409899950027466,2.409899950027466,2.409899950027466,2.409899950027466,0,0.0,0.0
2025-04-21 12:49:00,2.411600112915039,2.411600112915039,2.411600112915039,2.411600112915039,0,0.0,0.0
2025-04-21 12:51:00,2.4112000465393066,2.4112000465393066,2.4112000465393066,2.4112000465393066,0,0.0,0.0
2025-04-21 12:53:00,2.4110000133514404,2.4110000133514404,2.4110000133514404,2.4110000133514404,0,0.0,0.0
2025-04-21 12:55:00,2.410900115966797,2.410900115966797,2.410900115966797,2.410900115966797,0,0.0,0.0
2025-04-21 12:57:00,2.411099910736084,2.411099910736084,2.411099910736084,2.411099910736084,0,0.0,0.0
2025-04-21 12:59:00,2.412400007247925,2.412400007247925,2.412400007247925,2.412400007247925,0,0.0,0.0
2025-04-21 13:01:00,2.411400079727173,2.411400079727173,2.411400079727173,2.411400079727173,0,0.0,0.0
2025-04-21 13:03:00,2.4112000465393066,2.4112000465393066,2.4112000465393066,2.4112000465393066,0,0.0,0.0
2025-04-21 13:05:00,2.4107000827789307,2.4107000827789307,2.4107000827789307,2.4107000827789307,0,0.0,0.0
2025-04-21 13:07:00,2.4098000526428223,2.4098000526428223,2.4098000526428223,2.4098000526428223,0,0.0,0.0
2025-04-21 13:09:00,2.4103000164031982,2.4103000164031982,2.4103000164031982,2.4103000164031982,0,0.0,0.0
2025-04-21 13:11:00,2.4103000164031982,2.4103000164031982,2.4103000164031982,2.4103000164031982,0,0.0,0.0
2025-04-21 13:13:00,2.4098000526428223,2.4098000526428223,2.4098000526428223,2.4098000526428223,0,0.0,0.0
2025-04-21 13:15:00,2.4100000858306885,2.4100000858306885,2.4100000858306885,2.4100000858306885,0,0.0,0.0
2025-04-21 13:17:00,2.411099910736084,2.411099910736084,2.411099910736084,2.411099910736084,0,0.0,0.0
2025-04-21 13:19:00,2.410799980163574,2.410799980163574,2.410799980163574,2.410799980163574,0,0.0,0.0
2025-04-21 13:21:00,2.4114999771118164,2.4114999771118164,2.4114999771118164,2.4114999771118164,0,0.0,0.0
2025-04-21 13:23:00,2.4123001098632812,2.4123001098632812,2.4123001098632812,2.4123001098632812,0,0.0,0.0
2025-04-21 13:25:00,2.4131999015808105,2.4131999015808105,2.4131999015808105,2.4131999015808105,0,0.0,0.0
2025-04-21 13:27:00,2.413100004196167,2.413100004196167,2.413100004196167,2.413100004196167,0,0.0,0.0
2025-04-21 13:29:00,2.4114999771118164,2.4114999771118164,2.4114999771118164,2.4114999771118164,0,0.0,0.0
2025-04-21 13:31:00,2.410799980163574,2.410799980163574,2.410799980163574,2.410799980163574,0,0.0,0.0
2025-04-21 13:33:00,2.411799907684326,2.411799907684326,2.411799907684326,2.411799907684326,0,0.0,0.0
2025-04-21 13:35:00,2.4124999046325684,2.4124999046325684,2.4124999046325684,2.4124999046325684,0,0.0,0.0
2025-04-21 13:37:00,2.4114999771118164,2.4114999771118164,2.4114999771118164,2.4114999771118164,0,0.0,0.0
2025-04-21 13:39:00,2.411400079727173,2.411400079727173,2.411400079727173,2.411400079727173,0,0.0,0.0
2025-04-21 13:41:00,2.4119999408721924,2.4119999408721924,2.4119999408721924,2.4119999408721924,0,0.0,0.0
2025-04-21 13:43:00,2.4102001190185547,2.4102001190185547,2.4102001190185547,2.4102001190185547,0,0.0,0.0
2025-04-21 13:45:00,2.4100000858306885,2.4100000858306885,2.4100000858306885,2.4100000858306885,0,0.0,0.0
2025-04-21 13:47:00,2.4098000526428223,2.4098000526428223,2.4098000526428223,2.4098000526428223,0,0.0,0.0
2025-04-21 13:49:00,2.40939998626709,2.40939998626709,2.40939998626709,2.40939998626709,0,0.0,0.0
2025-04-21 13:51:00,2.4049999713897705,2.4049999713897705,2.4049999713897705,2.4049999713897705,0,0.0,0.0
2025-04-21 13:53:00,2.4052000045776367,2.4052000045776367,2.4052000045776367,2.4052000045776367,0,0.0,0.0
2025-04-21 13:55:00,2.4063000679016113,2.4063000679016113,2.4063000679016113,2.4063000679016113,0,0.0,0.0
2025-04-21 13:57:00,2.405900001525879,2.405900001525879,2.405900001525879,2.405900001525879,0,0.0,0.0
2025-04-21 13:59:00,2.4054999351501465,2.4054999351501465,2.4054999351501465,2.4054999351501465,0,0.0,0.0
2025-04-21 14:01:00,2.405900001525879,2.405900001525879,2.405900001525879,2.405900001525879,0,0.0,0.0
2025-04-21 14:03:00,2.406599998474121,2.406599998474121,2.406599998474121,2.406599998474121,0,0.0,0.0
2025-04-21 14:05:00,2.4065001010894775,2.4065001010894775,2.4065001010894775,2.4065001010894775,0,0.0,0.0
2025-04-21 14:07:00,2.405400037765503,2.405400037765503,2.405400037765503,2.405400037765503,0,0.0,0.0
