Price,Close,High,Low,Open,Volume
Ticker,USDINR=X,USDINR=X,USDINR=X,USDINR=X,USDINR=X
Datetime,,,,,
2025-04-17 23:13:00+00:00,85.36000061035156,85.36000061035156,85.36000061035156,85.36000061035156,0
2025-04-17 23:17:00+00:00,85.36000061035156,85.36000061035156,85.36000061035156,85.36000061035156,0
2025-04-17 23:32:00+00:00,85.36000061035156,85.36000061035156,85.36000061035156,85.36000061035156,0
2025-04-18 01:58:00+00:00,85.36000061035156,85.36000061035156,85.36000061035156,85.36000061035156,0
2025-04-18 01:59:00+00:00,85.38500213623047,85.38500213623047,85.38400268554688,85.38400268554688,0
2025-04-18 02:00:00+00:00,85.38500213623047,85.38500213623047,85.38500213623047,85.38500213623047,0
2025-04-18 02:01:00+00:00,85.38099670410156,85.38600158691406,85.38099670410156,85.38600158691406,0
2025-04-18 02:02:00+00:00,85.38099670410156,85.38099670410156,85.38099670410156,85.38099670410156,0
2025-04-18 02:03:00+00:00,85.38200378417969,85.38200378417969,85.38099670410156,85.38099670410156,0
2025-04-18 02:04:00+00:00,85.38300323486328,85.38300323486328,85.38200378417969,85.38200378417969,0
2025-04-18 02:05:00+00:00,85.38200378417969,85.38200378417969,85.38200378417969,85.38200378417969,0
2025-04-18 02:06:00+00:00,85.38200378417969,85.38200378417969,85.38200378417969,85.38200378417969,0
2025-04-18 02:07:00+00:00,85.38099670410156,85.38300323486328,85.38099670410156,85.38300323486328,0
2025-04-18 02:08:00+00:00,85.38099670410156,85.38099670410156,85.38099670410156,85.38099670410156,0
2025-04-18 02:09:00+00:00,85.38099670410156,85.38099670410156,85.38099670410156,85.38099670410156,0
2025-04-18 02:10:00+00:00,85.38099670410156,85.38099670410156,85.38099670410156,85.38099670410156,0
2025-04-18 02:11:00+00:00,85.38099670410156,85.38099670410156,85.38099670410156,85.38099670410156,0
2025-04-18 02:12:00+00:00,85.38300323486328,85.38300323486328,85.38099670410156,85.38099670410156,0
2025-04-18 02:13:00+00:00,85.38400268554688,85.38400268554688,85.38400268554688,85.38400268554688,0
2025-04-18 02:14:00+00:00,85.38400268554688,85.38400268554688,85.38300323486328,85.38300323486328,0
2025-04-18 02:15:00+00:00,85.38300323486328,85.38300323486328,85.38300323486328,85.38300323486328,0
2025-04-18 02:16:00+00:00,85.38300323486328,85.38300323486328,85.38300323486328,85.38300323486328,0
2025-04-18 02:17:00+00:00,85.38300323486328,85.38300323486328,85.38300323486328,85.38300323486328,0
2025-04-18 02:18:00+00:00,85.38300323486328,85.38300323486328,85.38300323486328,85.38300323486328,0
2025-04-18 02:19:00+00:00,85.38300323486328,85.38300323486328,85.38300323486328,85.38300323486328,0
2025-04-18 02:20:00+00:00,85.38300323486328,85.38300323486328,85.38300323486328,85.38300323486328,0
2025-04-18 02:21:00+00:00,85.38300323486328,85.38300323486328,85.38300323486328,85.38300323486328,0
2025-04-18 02:22:00+00:00,85.38300323486328,85.38300323486328,85.38300323486328,85.38300323486328,0
2025-04-18 02:23:00+00:00,85.38300323486328,85.38300323486328,85.38300323486328,85.38300323486328,0
2025-04-18 02:24:00+00:00,85.38300323486328,85.38300323486328,85.38300323486328,85.38300323486328,0
2025-04-18 02:25:00+00:00,85.38300323486328,85.4000015258789,85.38300323486328,85.38300323486328,0
2025-04-18 02:26:00+00:00,85.3759994506836,85.38300323486328,85.3759994506836,85.38300323486328,0
2025-04-18 02:27:00+00:00,85.37300109863281,85.375,85.37300109863281,85.375,0
2025-04-18 02:28:00+00:00,85.3740005493164,85.3740005493164,85.37300109863281,85.37300109863281,0
2025-04-18 02:29:00+00:00,85.3740005493164,85.3740005493164,85.3740005493164,85.3740005493164,0
2025-04-18 02:30:00+00:00,85.3740005493164,85.3740005493164,85.3740005493164,85.3740005493164,0
2025-04-18 02:31:00+00:00,85.37300109863281,85.3740005493164,85.37300109863281,85.3740005493164,0
2025-04-18 02:32:00+00:00,85.37300109863281,85.37300109863281,85.37300109863281,85.37300109863281,0
2025-04-18 02:33:00+00:00,85.3740005493164,85.3740005493164,85.37300109863281,85.37300109863281,0
2025-04-18 02:34:00+00:00,85.3740005493164,85.3740005493164,85.3740005493164,85.3740005493164,0
2025-04-18 02:35:00+00:00,85.3740005493164,85.3740005493164,85.3740005493164,85.3740005493164,0
2025-04-18 02:36:00+00:00,85.37000274658203,85.3740005493164,85.37000274658203,85.3740005493164,0
2025-04-18 02:37:00+00:00,85.3740005493164,85.3740005493164,85.37000274658203,85.37000274658203,0
2025-04-18 02:38:00+00:00,85.37300109863281,85.3740005493164,85.37300109863281,85.3740005493164,0
2025-04-18 02:39:00+00:00,85.3740005493164,85.3740005493164,85.3740005493164,85.3740005493164,0
2025-04-18 02:40:00+00:00,85.3740005493164,85.3740005493164,85.3740005493164,85.3740005493164,0
2025-04-18 02:41:00+00:00,85.3740005493164,85.3740005493164,85.3740005493164,85.3740005493164,0
2025-04-18 02:42:00+00:00,85.37300109863281,85.3740005493164,85.37300109863281,85.3740005493164,0
2025-04-18 02:43:00+00:00,85.3740005493164,85.3740005493164,85.37300109863281,85.37300109863281,0
2025-04-18 02:44:00+00:00,85.3740005493164,85.3740005493164,85.3740005493164,85.3740005493164,0
2025-04-18 02:45:00+00:00,85.3740005493164,85.3740005493164,85.3740005493164,85.3740005493164,0
2025-04-18 02:46:00+00:00,85.3740005493164,85.3740005493164,85.3740005493164,85.3740005493164,0
2025-04-18 02:47:00+00:00,85.3740005493164,85.3740005493164,85.3740005493164,85.3740005493164,0
2025-04-18 02:48:00+00:00,85.3740005493164,85.3740005493164,85.3740005493164,85.3740005493164,0
2025-04-18 02:49:00+00:00,85.3740005493164,85.3740005493164,85.3740005493164,85.3740005493164,0
2025-04-18 02:50:00+00:00,85.3740005493164,85.3740005493164,85.3740005493164,85.3740005493164,0
2025-04-18 02:51:00+00:00,85.3740005493164,85.375,85.3740005493164,85.375,0
2025-04-18 02:52:00+00:00,85.3740005493164,85.3740005493164,85.3740005493164,85.3740005493164,0
2025-04-18 02:53:00+00:00,85.3740005493164,85.3740005493164,85.3740005493164,85.3740005493164,0
2025-04-18 02:54:00+00:00,85.3740005493164,85.3740005493164,85.3740005493164,85.3740005493164,0
2025-04-18 02:55:00+00:00,85.3740005493164,85.3740005493164,85.3740005493164,85.3740005493164,0
2025-04-18 02:56:00+00:00,85.3740005493164,85.3740005493164,85.3740005493164,85.3740005493164,0
2025-04-18 02:57:00+00:00,85.3740005493164,85.3740005493164,85.3740005493164,85.3740005493164,0
2025-04-18 02:58:00+00:00,85.37999725341797,85.37999725341797,85.37999725341797,85.37999725341797,0
2025-04-18 02:59:00+00:00,85.37699890136719,85.37699890136719,85.37699890136719,85.37699890136719,0
2025-04-18 03:00:00+00:00,85.37799835205078,85.37799835205078,85.37799835205078,85.37799835205078,0
2025-04-18 03:01:00+00:00,85.38899993896484,85.38899993896484,85.38700103759766,85.38700103759766,0
2025-04-18 03:02:00+00:00,85.38899993896484,85.38999938964844,85.38899993896484,85.38999938964844,0
2025-04-18 03:03:00+00:00,85.38899993896484,85.38999938964844,85.38899993896484,85.38999938964844,0
2025-04-18 03:04:00+00:00,85.38800048828125,85.38800048828125,85.38800048828125,85.38800048828125,0
2025-04-18 03:05:00+00:00,85.38999938964844,85.38999938964844,85.38999938964844,85.38999938964844,0
2025-04-18 03:06:00+00:00,85.38999938964844,85.38999938964844,85.38999938964844,85.38999938964844,0
2025-04-18 03:07:00+00:00,85.39199829101562,85.39199829101562,85.38999938964844,85.38999938964844,0
2025-04-18 03:08:00+00:00,85.39299774169922,85.39299774169922,85.38999938964844,85.38999938964844,0
2025-04-18 03:09:00+00:00,85.39399719238281,85.39399719238281,85.39299774169922,85.39299774169922,0
2025-04-18 03:10:00+00:00,85.39299774169922,85.39299774169922,85.39299774169922,85.39299774169922,0
2025-04-18 03:11:00+00:00,85.39299774169922,85.3949966430664,85.39299774169922,85.3949966430664,0
2025-04-18 03:12:00+00:00,85.39299774169922,85.39299774169922,85.39299774169922,85.39299774169922,0
2025-04-18 03:13:00+00:00,85.39299774169922,85.39299774169922,85.39299774169922,85.39299774169922,0
2025-04-18 03:14:00+00:00,85.3949966430664,85.3949966430664,85.3949966430664,85.3949966430664,0
2025-04-18 03:15:00+00:00,85.3949966430664,85.3949966430664,85.3949966430664,85.3949966430664,0
2025-04-18 03:16:00+00:00,85.38200378417969,85.38300323486328,85.38200378417969,85.38300323486328,0
2025-04-18 03:17:00+00:00,85.38200378417969,85.38200378417969,85.38200378417969,85.38200378417969,0
2025-04-18 03:18:00+00:00,85.38099670410156,85.38200378417969,85.38099670410156,85.38200378417969,0
2025-04-18 03:19:00+00:00,85.38099670410156,85.38300323486328,85.38099670410156,85.38300323486328,0
2025-04-18 03:20:00+00:00,85.38099670410156,85.38099670410156,85.38099670410156,85.38099670410156,0
2025-04-18 03:21:00+00:00,85.38200378417969,85.38200378417969,85.38099670410156,85.38099670410156,0
2025-04-18 03:22:00+00:00,85.39700317382812,85.39700317382812,85.38300323486328,85.38300323486328,0
2025-04-18 03:23:00+00:00,85.39900207519531,85.39900207519531,85.39800262451172,85.39800262451172,0
2025-04-18 03:24:00+00:00,85.38099670410156,85.39800262451172,85.38099670410156,85.39800262451172,0
2025-04-18 03:25:00+00:00,85.37999725341797,85.37999725341797,85.37799835205078,85.37799835205078,0
2025-04-18 03:26:00+00:00,85.38999938964844,85.38999938964844,85.37999725341797,85.37999725341797,0
2025-04-18 03:27:00+00:00,85.40499877929688,85.40499877929688,85.39399719238281,85.39399719238281,0
2025-04-18 03:28:00+00:00,85.38600158691406,85.3949966430664,85.38600158691406,85.3949966430664,0
2025-04-18 03:29:00+00:00,85.37699890136719,85.37699890136719,85.375,85.375,0
2025-04-18 03:30:00+00:00,85.37699890136719,85.37699890136719,85.37699890136719,85.37699890136719,0
2025-04-18 03:31:00+00:00,85.40899658203125,85.40899658203125,85.40399932861328,85.40399932861328,0
2025-04-18 03:32:00+00:00,85.40899658203125,85.40899658203125,85.40899658203125,85.40899658203125,0
2025-04-18 03:33:00+00:00,85.41600036621094,85.41600036621094,85.41600036621094,85.41600036621094,0
2025-04-18 03:34:00+00:00,85.41699981689453,85.41699981689453,85.41699981689453,85.41699981689453,0
2025-04-18 03:37:00+00:00,85.427001953125,85.427001953125,85.41200256347656,85.41200256347656,0
2025-04-18 03:38:00+00:00,85.43399810791016,85.43399810791016,85.43199920654297,85.43199920654297,0
2025-04-18 03:39:00+00:00,85.43599700927734,85.43599700927734,85.43399810791016,85.43399810791016,0
2025-04-18 03:40:00+00:00,85.43699645996094,85.43699645996094,85.43599700927734,85.43599700927734,0
2025-04-18 03:41:00+00:00,85.44000244140625,85.44000244140625,85.43800354003906,85.43800354003906,0
2025-04-18 03:42:00+00:00,85.43800354003906,85.43800354003906,85.43800354003906,85.43800354003906,0
2025-04-18 03:43:00+00:00,85.43800354003906,85.43800354003906,85.43699645996094,85.43699645996094,0
2025-04-18 03:44:00+00:00,85.43699645996094,85.43699645996094,85.43699645996094,85.43699645996094,0
2025-04-18 03:45:00+00:00,85.43499755859375,85.43699645996094,85.43499755859375,85.43699645996094,0
2025-04-18 03:46:00+00:00,85.43399810791016,85.43499755859375,85.43399810791016,85.43499755859375,0
2025-04-18 03:47:00+00:00,85.43499755859375,85.43499755859375,85.43399810791016,85.43399810791016,0
2025-04-18 03:48:00+00:00,85.43599700927734,85.43599700927734,85.43599700927734,85.43599700927734,0
2025-04-18 03:49:00+00:00,85.43599700927734,85.43599700927734,85.43499755859375,85.43499755859375,0
2025-04-18 03:50:00+00:00,85.43599700927734,85.43599700927734,85.43599700927734,85.43599700927734,0
2025-04-18 03:51:00+00:00,85.43499755859375,85.43599700927734,85.43499755859375,85.43599700927734,0
2025-04-18 03:52:00+00:00,85.43599700927734,85.43599700927734,85.43599700927734,85.43599700927734,0
2025-04-18 03:53:00+00:00,85.43800354003906,85.43800354003906,85.43599700927734,85.43599700927734,0
2025-04-18 03:54:00+00:00,85.43699645996094,85.43800354003906,85.43699645996094,85.43800354003906,0
2025-04-18 03:55:00+00:00,85.43699645996094,85.43699645996094,85.43699645996094,85.43699645996094,0
2025-04-18 03:56:00+00:00,85.45700073242188,85.45700073242188,85.45700073242188,85.45700073242188,0
2025-04-18 03:57:00+00:00,85.45700073242188,85.45700073242188,85.45700073242188,85.45700073242188,0
2025-04-18 03:58:00+00:00,85.45700073242188,85.45700073242188,85.45700073242188,85.45700073242188,0
2025-04-18 03:59:00+00:00,85.45700073242188,85.45700073242188,85.45700073242188,85.45700073242188,0
2025-04-18 04:00:00+00:00,85.45700073242188,85.45700073242188,85.43599700927734,85.43599700927734,0
2025-04-18 04:01:00+00:00,85.45600128173828,85.45600128173828,85.45600128173828,85.45600128173828,0
2025-04-18 04:02:00+00:00,85.45700073242188,85.45700073242188,85.45700073242188,85.45700073242188,0
2025-04-18 04:03:00+00:00,85.45700073242188,85.45700073242188,85.43699645996094,85.43699645996094,0
2025-04-18 04:04:00+00:00,85.45700073242188,85.45700073242188,85.45700073242188,85.45700073242188,0
2025-04-18 04:05:00+00:00,85.45600128173828,85.45600128173828,85.45500183105469,85.45500183105469,0
2025-04-18 04:06:00+00:00,85.45600128173828,85.45600128173828,85.45600128173828,85.45600128173828,0
2025-04-18 04:07:00+00:00,85.45600128173828,85.45600128173828,85.45600128173828,85.45600128173828,0
2025-04-18 04:08:00+00:00,85.45500183105469,85.45500183105469,85.45500183105469,85.45500183105469,0
2025-04-18 04:09:00+00:00,85.45500183105469,85.45500183105469,85.45500183105469,85.45500183105469,0
2025-04-18 04:10:00+00:00,85.45899963378906,85.45899963378906,85.45899963378906,85.45899963378906,0
2025-04-18 04:11:00+00:00,85.45899963378906,85.45899963378906,85.45899963378906,85.45899963378906,0
2025-04-18 04:12:00+00:00,85.45899963378906,85.45899963378906,85.45899963378906,85.45899963378906,0
2025-04-18 04:13:00+00:00,85.45899963378906,85.45899963378906,85.45899963378906,85.45899963378906,0
2025-04-18 04:14:00+00:00,85.45999908447266,85.45999908447266,85.45999908447266,85.45999908447266,0
2025-04-18 04:15:00+00:00,85.45899963378906,85.45899963378906,85.45899963378906,85.45899963378906,0
2025-04-18 04:16:00+00:00,85.45999908447266,85.45999908447266,85.45999908447266,85.45999908447266,0
2025-04-18 04:17:00+00:00,85.45500183105469,85.45899963378906,85.45500183105469,85.45899963378906,0
2025-04-18 04:18:00+00:00,85.45700073242188,85.45700073242188,85.45500183105469,85.45500183105469,0
2025-04-18 04:19:00+00:00,85.45500183105469,85.45700073242188,85.4540023803711,85.45700073242188,0
2025-04-18 04:20:00+00:00,85.4540023803711,85.45500183105469,85.4540023803711,85.45500183105469,0
2025-04-18 04:21:00+00:00,85.4540023803711,85.4540023803711,85.4540023803711,85.4540023803711,0
2025-04-18 04:22:00+00:00,85.4540023803711,85.4540023803711,85.4540023803711,85.4540023803711,0
2025-04-18 04:23:00+00:00,85.4540023803711,85.4540023803711,85.4540023803711,85.4540023803711,0
2025-04-18 04:24:00+00:00,85.4540023803711,85.4540023803711,85.4540023803711,85.4540023803711,0
2025-04-18 04:25:00+00:00,85.41899871826172,85.4260025024414,85.41799926757812,85.4260025024414,0
2025-04-18 04:26:00+00:00,85.41999816894531,85.41999816894531,85.41899871826172,85.41899871826172,0
2025-04-18 04:27:00+00:00,85.42400360107422,85.42400360107422,85.4229965209961,85.4229965209961,0
2025-04-18 04:28:00+00:00,85.4229965209961,85.42400360107422,85.4229965209961,85.42400360107422,0
2025-04-18 04:29:00+00:00,85.4229965209961,85.4229965209961,85.4229965209961,85.4229965209961,0
2025-04-18 04:30:00+00:00,85.43599700927734,85.43800354003906,85.43599700927734,85.43800354003906,0
2025-04-18 04:31:00+00:00,85.4229965209961,85.4229965209961,85.4229965209961,85.4229965209961,0
2025-04-18 04:32:00+00:00,85.42400360107422,85.42400360107422,85.42400360107422,85.42400360107422,0
2025-04-18 04:33:00+00:00,85.427001953125,85.427001953125,85.42500305175781,85.42500305175781,0
2025-04-18 04:34:00+00:00,85.41100311279297,85.41100311279297,85.41100311279297,85.41100311279297,0
2025-04-18 04:35:00+00:00,85.4219970703125,85.4219970703125,85.4209976196289,85.4209976196289,0
2025-04-18 04:36:00+00:00,85.4219970703125,85.4219970703125,85.4219970703125,85.4219970703125,0
2025-04-18 04:37:00+00:00,85.41999816894531,85.41999816894531,85.41899871826172,85.41899871826172,0
2025-04-18 04:38:00+00:00,85.41200256347656,85.41799926757812,85.41200256347656,85.41799926757812,0
2025-04-18 04:39:00+00:00,85.41999816894531,85.41999816894531,85.41999816894531,85.41999816894531,0
2025-04-18 04:40:00+00:00,85.4219970703125,85.4219970703125,85.41999816894531,85.41999816894531,0
2025-04-18 04:41:00+00:00,85.41999816894531,85.4219970703125,85.41999816894531,85.4219970703125,0
2025-04-18 04:42:00+00:00,85.41799926757812,85.41999816894531,85.41799926757812,85.41999816894531,0
2025-04-18 04:43:00+00:00,85.39900207519531,85.4000015258789,85.39900207519531,85.4000015258789,0
2025-04-18 04:44:00+00:00,85.40299987792969,85.40299987792969,85.39900207519531,85.39900207519531,0
2025-04-18 04:45:00+00:00,85.39600372314453,85.39700317382812,85.39600372314453,85.39700317382812,0
2025-04-18 04:46:00+00:00,85.41300201416016,85.41300201416016,85.41200256347656,85.41200256347656,0
2025-04-18 04:47:00+00:00,85.41100311279297,85.41300201416016,85.41100311279297,85.41300201416016,0
2025-04-18 04:48:00+00:00,85.41000366210938,85.41100311279297,85.41000366210938,85.41100311279297,0
2025-04-18 04:49:00+00:00,85.40899658203125,85.41000366210938,85.40899658203125,85.41000366210938,0
2025-04-18 04:50:00+00:00,85.40899658203125,85.41000366210938,85.40899658203125,85.41000366210938,0
2025-04-18 04:51:00+00:00,85.41000366210938,85.41000366210938,85.40899658203125,85.40899658203125,0
2025-04-18 04:52:00+00:00,85.40899658203125,85.41000366210938,85.40899658203125,85.41000366210938,0
2025-04-18 04:53:00+00:00,85.40899658203125,85.40899658203125,85.40899658203125,85.40899658203125,0
2025-04-18 04:54:00+00:00,85.41000366210938,85.41000366210938,85.40899658203125,85.40899658203125,0
2025-04-18 04:55:00+00:00,85.41000366210938,85.41000366210938,85.40899658203125,85.40899658203125,0
2025-04-18 04:56:00+00:00,85.41000366210938,85.41000366210938,85.41000366210938,85.41000366210938,0
2025-04-18 04:57:00+00:00,85.40599822998047,85.40599822998047,85.40599822998047,85.40599822998047,0
2025-04-18 04:58:00+00:00,85.4020004272461,85.4020004272461,85.4020004272461,85.4020004272461,0
2025-04-18 04:59:00+00:00,85.4010009765625,85.4010009765625,85.4010009765625,85.4010009765625,0
2025-04-18 05:00:00+00:00,85.39600372314453,85.39700317382812,85.39600372314453,85.39700317382812,0
2025-04-18 05:01:00+00:00,85.39600372314453,85.39700317382812,85.39600372314453,85.39700317382812,0
2025-04-18 05:02:00+00:00,85.3949966430664,85.39700317382812,85.3949966430664,85.39700317382812,0
2025-04-18 05:03:00+00:00,85.39800262451172,85.39800262451172,85.39600372314453,85.39600372314453,0
2025-04-18 05:04:00+00:00,85.39700317382812,85.39700317382812,85.39399719238281,85.39399719238281,0
2025-04-18 05:05:00+00:00,85.41899871826172,85.41899871826172,85.41000366210938,85.41000366210938,0
2025-04-18 05:06:00+00:00,85.41999816894531,85.41999816894531,85.41699981689453,85.41699981689453,0
2025-04-18 05:07:00+00:00,85.41999816894531,85.41999816894531,85.41999816894531,85.41999816894531,0
2025-04-18 05:08:00+00:00,85.41899871826172,85.4209976196289,85.41899871826172,85.4209976196289,0
2025-04-18 05:09:00+00:00,85.41999816894531,85.41999816894531,85.41999816894531,85.41999816894531,0
2025-04-18 05:10:00+00:00,85.4260025024414,85.4260025024414,85.41999816894531,85.41999816894531,0
2025-04-18 05:11:00+00:00,85.42500305175781,85.42500305175781,85.42500305175781,85.42500305175781,0
2025-04-18 05:12:00+00:00,85.43000030517578,85.43000030517578,85.43000030517578,85.43000030517578,0
2025-04-18 05:13:00+00:00,85.4280014038086,85.42900085449219,85.4280014038086,85.42900085449219,0
2025-04-18 05:14:00+00:00,85.41500091552734,85.41899871826172,85.41500091552734,85.41899871826172,0
2025-04-18 05:15:00+00:00,85.41600036621094,85.41600036621094,85.41500091552734,85.41500091552734,0
2025-04-18 05:16:00+00:00,85.41400146484375,85.41400146484375,85.40699768066406,85.40699768066406,0
2025-04-18 05:17:00+00:00,85.40899658203125,85.41400146484375,85.40899658203125,85.41400146484375,0
2025-04-18 05:18:00+00:00,85.40899658203125,85.40899658203125,85.40899658203125,85.40899658203125,0
2025-04-18 05:19:00+00:00,85.41300201416016,85.41300201416016,85.40799713134766,85.40799713134766,0
2025-04-18 05:20:00+00:00,85.41300201416016,85.41300201416016,85.41300201416016,85.41300201416016,0
2025-04-18 05:21:00+00:00,85.41200256347656,85.41300201416016,85.41200256347656,85.41300201416016,0
2025-04-18 05:22:00+00:00,85.41200256347656,85.41200256347656,85.40799713134766,85.40799713134766,0
2025-04-18 05:23:00+00:00,85.40699768066406,85.41200256347656,85.40699768066406,85.41200256347656,0
2025-04-18 05:24:00+00:00,85.40699768066406,85.41100311279297,85.40699768066406,85.41100311279297,0
2025-04-18 05:25:00+00:00,85.41200256347656,85.41200256347656,85.40699768066406,85.40699768066406,0
2025-04-18 05:26:00+00:00,85.40699768066406,85.40699768066406,85.40699768066406,85.40699768066406,0
2025-04-18 05:27:00+00:00,85.40699768066406,85.40799713134766,85.40699768066406,85.40699768066406,0
2025-04-18 05:28:00+00:00,85.40699768066406,85.40699768066406,85.40699768066406,85.40699768066406,0
2025-04-18 05:29:00+00:00,85.40899658203125,85.41200256347656,85.40899658203125,85.41200256347656,0
2025-04-18 05:30:00+00:00,85.41300201416016,85.41300201416016,85.41100311279297,85.41100311279297,0
2025-04-18 05:31:00+00:00,85.40399932861328,85.41300201416016,85.40399932861328,85.41300201416016,0
2025-04-18 05:32:00+00:00,85.40499877929688,85.40499877929688,85.40399932861328,85.40399932861328,0
2025-04-18 05:33:00+00:00,85.40399932861328,85.40399932861328,85.40399932861328,85.40399932861328,0
2025-04-18 05:34:00+00:00,85.40399932861328,85.40399932861328,85.40399932861328,85.40399932861328,0
2025-04-18 05:35:00+00:00,85.40299987792969,85.40399932861328,85.40299987792969,85.40399932861328,0
2025-04-18 05:36:00+00:00,85.40399932861328,85.40599822998047,85.40399932861328,85.40599822998047,0
2025-04-18 05:37:00+00:00,85.40499877929688,85.40499877929688,85.40399932861328,85.40399932861328,0
2025-04-18 05:38:00+00:00,85.40499877929688,85.40499877929688,85.40499877929688,85.40499877929688,0
2025-04-18 05:39:00+00:00,85.40499877929688,85.40499877929688,85.40499877929688,85.40499877929688,0
2025-04-18 05:40:00+00:00,85.40899658203125,85.40899658203125,85.40899658203125,85.40899658203125,0
2025-04-18 05:41:00+00:00,85.40899658203125,85.40899658203125,85.40899658203125,85.40899658203125,0
2025-04-18 05:42:00+00:00,85.41100311279297,85.41100311279297,85.41100311279297,85.41100311279297,0
2025-04-18 05:43:00+00:00,85.40899658203125,85.41100311279297,85.40899658203125,85.41100311279297,0
2025-04-18 05:44:00+00:00,85.40899658203125,85.40899658203125,85.40899658203125,85.40899658203125,0
2025-04-18 05:45:00+00:00,85.40599822998047,85.40899658203125,85.40599822998047,85.40899658203125,0
2025-04-18 05:46:00+00:00,85.40699768066406,85.40699768066406,85.40699768066406,85.40699768066406,0
2025-04-18 05:47:00+00:00,85.41100311279297,85.41100311279297,85.40599822998047,85.40599822998047,0
2025-04-18 05:48:00+00:00,85.42500305175781,85.42500305175781,85.42500305175781,85.42500305175781,0
2025-04-18 05:49:00+00:00,85.427001953125,85.427001953125,85.4229965209961,85.4229965209961,0
2025-04-18 05:50:00+00:00,85.4260025024414,85.427001953125,85.4260025024414,85.427001953125,0
2025-04-18 05:51:00+00:00,85.42500305175781,85.427001953125,85.42500305175781,85.427001953125,0
2025-04-18 05:52:00+00:00,85.4260025024414,85.4260025024414,85.4260025024414,85.4260025024414,0
2025-04-18 05:53:00+00:00,85.43900299072266,85.43900299072266,85.4260025024414,85.4260025024414,0
2025-04-18 05:54:00+00:00,85.44499969482422,85.44499969482422,85.43900299072266,85.43900299072266,0
2025-04-18 05:55:00+00:00,85.44100189208984,85.44100189208984,85.44100189208984,85.44100189208984,0
2025-04-18 05:56:00+00:00,85.44499969482422,85.44499969482422,85.44200134277344,85.44200134277344,0
2025-04-18 05:57:00+00:00,85.43599700927734,85.43599700927734,85.43599700927734,85.43599700927734,0
2025-04-18 05:58:00+00:00,85.43199920654297,85.43499755859375,85.43199920654297,85.43499755859375,0
2025-04-18 05:59:00+00:00,85.43199920654297,85.43199920654297,85.43199920654297,85.43199920654297,0
2025-04-18 06:00:00+00:00,85.41899871826172,85.43099975585938,85.41899871826172,85.43099975585938,0
2025-04-18 06:01:00+00:00,85.42500305175781,85.42500305175781,85.4219970703125,85.4219970703125,0
2025-04-18 06:02:00+00:00,85.42400360107422,85.4260025024414,85.42400360107422,85.4260025024414,0
2025-04-18 06:03:00+00:00,85.43000030517578,85.43199920654297,85.42500305175781,85.42500305175781,0
2025-04-18 06:04:00+00:00,85.42900085449219,85.43000030517578,85.42900085449219,85.43000030517578,0
2025-04-18 06:05:00+00:00,85.40499877929688,85.42900085449219,85.40499877929688,85.42900085449219,0
2025-04-18 06:06:00+00:00,85.41000366210938,85.41000366210938,85.41000366210938,85.41000366210938,0
2025-04-18 06:07:00+00:00,85.41300201416016,85.41300201416016,85.41300201416016,85.41300201416016,0
2025-04-18 06:08:00+00:00,85.39700317382812,85.39700317382812,85.39700317382812,85.39700317382812,0
2025-04-18 06:09:00+00:00,85.40799713134766,85.40799713134766,85.40499877929688,85.40499877929688,0
2025-04-18 06:10:00+00:00,85.40899658203125,85.40899658203125,85.40799713134766,85.40799713134766,0
2025-04-18 06:11:00+00:00,85.40799713134766,85.40799713134766,85.40799713134766,85.40799713134766,0
2025-04-18 06:12:00+00:00,85.41000366210938,85.41000366210938,85.40799713134766,85.40799713134766,0
2025-04-18 06:13:00+00:00,85.41000366210938,85.41000366210938,85.40799713134766,85.40799713134766,0
2025-04-18 06:14:00+00:00,85.40799713134766,85.41000366210938,85.40799713134766,85.41000366210938,0
2025-04-18 06:15:00+00:00,85.40799713134766,85.41000366210938,85.40799713134766,85.41000366210938,0
2025-04-18 06:16:00+00:00,85.40699768066406,85.40799713134766,85.40699768066406,85.40799713134766,0
2025-04-18 06:17:00+00:00,85.40899658203125,85.40899658203125,85.40699768066406,85.40699768066406,0
2025-04-18 06:18:00+00:00,85.40899658203125,85.40899658203125,85.40899658203125,85.40899658203125,0
2025-04-18 06:19:00+00:00,85.41300201416016,85.41300201416016,85.41100311279297,85.41100311279297,0
2025-04-18 06:20:00+00:00,85.41400146484375,85.41400146484375,85.41400146484375,85.41400146484375,0
2025-04-18 06:21:00+00:00,85.41200256347656,85.41400146484375,85.41200256347656,85.41400146484375,0
2025-04-18 06:22:00+00:00,85.41200256347656,85.41200256347656,85.41200256347656,85.41200256347656,0
2025-04-18 06:23:00+00:00,85.41200256347656,85.41200256347656,85.41200256347656,85.41200256347656,0
2025-04-18 06:24:00+00:00,85.41200256347656,85.41200256347656,85.41200256347656,85.41200256347656,0
2025-04-18 06:25:00+00:00,85.41799926757812,85.41799926757812,85.41100311279297,85.41100311279297,0
2025-04-18 06:26:00+00:00,85.41799926757812,85.41799926757812,85.41799926757812,85.41799926757812,0
2025-04-18 06:27:00+00:00,85.41999816894531,85.41999816894531,85.41999816894531,85.41999816894531,0
2025-04-18 06:28:00+00:00,85.4209976196289,85.4209976196289,85.4209976196289,85.4209976196289,0
2025-04-18 06:29:00+00:00,85.41999816894531,85.41999816894531,85.41999816894531,85.41999816894531,0
2025-04-18 06:30:00+00:00,85.41799926757812,85.41899871826172,85.41799926757812,85.41899871826172,0
2025-04-18 06:31:00+00:00,85.41799926757812,85.41799926757812,85.41799926757812,85.41799926757812,0
2025-04-18 06:32:00+00:00,85.41799926757812,85.41799926757812,85.41799926757812,85.41799926757812,0
2025-04-18 06:33:00+00:00,85.4209976196289,85.4209976196289,85.41799926757812,85.41799926757812,0
2025-04-18 06:34:00+00:00,85.39800262451172,85.39900207519531,85.39800262451172,85.39900207519531,0
2025-04-18 06:35:00+00:00,85.39900207519531,85.39900207519531,85.39900207519531,85.39900207519531,0
2025-04-18 06:36:00+00:00,85.39800262451172,85.39800262451172,85.39700317382812,85.39700317382812,0
2025-04-18 06:37:00+00:00,85.39800262451172,85.39800262451172,85.39800262451172,85.39800262451172,0
2025-04-18 06:38:00+00:00,85.39900207519531,85.39900207519531,85.39800262451172,85.39800262451172,0
2025-04-18 06:39:00+00:00,85.4000015258789,85.4000015258789,85.39800262451172,85.39800262451172,0
2025-04-18 06:40:00+00:00,85.4000015258789,85.4000015258789,85.4000015258789,85.4000015258789,0
2025-04-18 06:41:00+00:00,85.4000015258789,85.4000015258789,85.4000015258789,85.4000015258789,0
2025-04-18 06:42:00+00:00,85.4000015258789,85.4000015258789,85.4000015258789,85.4000015258789,0
2025-04-18 06:43:00+00:00,85.4000015258789,85.4000015258789,85.4000015258789,85.4000015258789,0
2025-04-18 06:44:00+00:00,85.4000015258789,85.4000015258789,85.4000015258789,85.4000015258789,0
2025-04-18 06:45:00+00:00,85.4000015258789,85.4010009765625,85.4000015258789,85.4010009765625,0
2025-04-18 06:46:00+00:00,85.39900207519531,85.39900207519531,85.39900207519531,85.39900207519531,0
2025-04-18 06:47:00+00:00,85.39800262451172,85.39800262451172,85.39800262451172,85.39800262451172,0
2025-04-18 06:48:00+00:00,85.39900207519531,85.39900207519531,85.39800262451172,85.39800262451172,0
2025-04-18 06:49:00+00:00,85.39900207519531,85.39900207519531,85.39900207519531,85.39900207519531,0
2025-04-18 06:50:00+00:00,85.39800262451172,85.39900207519531,85.39800262451172,85.39900207519531,0
2025-04-18 06:51:00+00:00,85.39800262451172,85.39800262451172,85.39800262451172,85.39800262451172,0
2025-04-18 06:52:00+00:00,85.39800262451172,85.39800262451172,85.39800262451172,85.39800262451172,0
2025-04-18 06:53:00+00:00,85.40399932861328,85.40399932861328,85.39800262451172,85.39800262451172,0
2025-04-18 06:54:00+00:00,85.40399932861328,85.40399932861328,85.40399932861328,85.40399932861328,0
2025-04-18 06:55:00+00:00,85.40399932861328,85.40399932861328,85.40399932861328,85.40399932861328,0
2025-04-18 06:56:00+00:00,85.41600036621094,85.41600036621094,85.41600036621094,85.41600036621094,0
2025-04-18 06:57:00+00:00,85.41600036621094,85.41600036621094,85.41600036621094,85.41600036621094,0
2025-04-18 06:58:00+00:00,85.40399932861328,85.40399932861328,85.40399932861328,85.40399932861328,0
2025-04-18 06:59:00+00:00,85.40599822998047,85.40599822998047,85.40399932861328,85.40399932861328,0
2025-04-18 07:00:00+00:00,85.40599822998047,85.40599822998047,85.40599822998047,85.40599822998047,0
2025-04-18 07:01:00+00:00,85.40899658203125,85.40899658203125,85.40899658203125,85.40899658203125,0
2025-04-18 07:02:00+00:00,85.41000366210938,85.41000366210938,85.41000366210938,85.41000366210938,0
2025-04-18 07:03:00+00:00,85.40399932861328,85.40399932861328,85.40399932861328,85.40399932861328,0
2025-04-18 07:04:00+00:00,85.40399932861328,85.40399932861328,85.4000015258789,85.4000015258789,0
2025-04-18 07:05:00+00:00,85.40399932861328,85.40399932861328,85.40399932861328,85.40399932861328,0
2025-04-18 07:06:00+00:00,85.40399932861328,85.40499877929688,85.40399932861328,85.40499877929688,0
2025-04-18 07:07:00+00:00,85.40699768066406,85.40799713134766,85.40699768066406,85.40799713134766,0
2025-04-18 07:08:00+00:00,85.40599822998047,85.40599822998047,85.40599822998047,85.40599822998047,0
2025-04-18 07:09:00+00:00,85.40699768066406,85.40699768066406,85.40699768066406,85.40699768066406,0
2025-04-18 07:10:00+00:00,85.40699768066406,85.40699768066406,85.40699768066406,85.40699768066406,0
2025-04-18 07:11:00+00:00,85.40599822998047,85.40699768066406,85.40599822998047,85.40699768066406,0
2025-04-18 07:12:00+00:00,85.40699768066406,85.40699768066406,85.40599822998047,85.40599822998047,0
2025-04-18 07:13:00+00:00,85.40899658203125,85.40899658203125,85.40899658203125,85.40899658203125,0
2025-04-18 07:14:00+00:00,85.40899658203125,85.40899658203125,85.40799713134766,85.40799713134766,0
2025-04-18 07:15:00+00:00,85.41000366210938,85.41000366210938,85.41000366210938,85.41000366210938,0
2025-04-18 07:16:00+00:00,85.40799713134766,85.41000366210938,85.40799713134766,85.41000366210938,0
2025-04-18 07:17:00+00:00,85.40699768066406,85.40799713134766,85.40699768066406,85.40799713134766,0
2025-04-18 07:18:00+00:00,85.40899658203125,85.40899658203125,85.40899658203125,85.40899658203125,0
2025-04-18 07:19:00+00:00,85.41000366210938,85.41000366210938,85.41000366210938,85.41000366210938,0
2025-04-18 07:20:00+00:00,85.40899658203125,85.40899658203125,85.40899658203125,85.40899658203125,0
2025-04-18 07:21:00+00:00,85.40499877929688,85.40899658203125,85.40499877929688,85.40899658203125,0
2025-04-18 07:22:00+00:00,85.40699768066406,85.40699768066406,85.40599822998047,85.40599822998047,0
2025-04-18 07:23:00+00:00,85.40599822998047,85.40599822998047,85.40599822998047,85.40599822998047,0
2025-04-18 07:24:00+00:00,85.40799713134766,85.40799713134766,85.40599822998047,85.40599822998047,0
2025-04-18 07:25:00+00:00,85.40699768066406,85.40699768066406,85.40699768066406,85.40699768066406,0
2025-04-18 07:26:00+00:00,85.40599822998047,85.40599822998047,85.40499877929688,85.40499877929688,0
2025-04-18 07:27:00+00:00,85.40699768066406,85.40699768066406,85.40699768066406,85.40699768066406,0
2025-04-18 07:28:00+00:00,85.40699768066406,85.40699768066406,85.40699768066406,85.40699768066406,0
2025-04-18 07:29:00+00:00,85.40899658203125,85.40899658203125,85.40799713134766,85.40799713134766,0
2025-04-18 07:30:00+00:00,85.40699768066406,85.40799713134766,85.40699768066406,85.40799713134766,0
2025-04-18 07:31:00+00:00,85.40699768066406,85.40699768066406,85.40699768066406,85.40699768066406,0
2025-04-18 07:32:00+00:00,85.40699768066406,85.40699768066406,85.40699768066406,85.40699768066406,0
2025-04-18 07:33:00+00:00,85.40699768066406,85.40699768066406,85.40699768066406,85.40699768066406,0
2025-04-18 07:34:00+00:00,85.40699768066406,85.40699768066406,85.40699768066406,85.40699768066406,0
2025-04-18 07:35:00+00:00,85.40599822998047,85.40699768066406,85.40599822998047,85.40699768066406,0
2025-04-18 07:36:00+00:00,85.40599822998047,85.40599822998047,85.40599822998047,85.40599822998047,0
2025-04-18 07:37:00+00:00,85.40699768066406,85.40699768066406,85.40599822998047,85.40599822998047,0
2025-04-18 07:38:00+00:00,85.40499877929688,85.40499877929688,85.40499877929688,85.40499877929688,0
2025-04-18 07:39:00+00:00,85.40599822998047,85.40599822998047,85.40599822998047,85.40599822998047,0
2025-04-18 07:40:00+00:00,85.40499877929688,85.40599822998047,85.40499877929688,85.40599822998047,0
2025-04-18 07:41:00+00:00,85.40499877929688,85.40499877929688,85.40499877929688,85.40499877929688,0
2025-04-18 07:42:00+00:00,85.41000366210938,85.41000366210938,85.40499877929688,85.40499877929688,0
2025-04-18 07:43:00+00:00,85.41100311279297,85.41100311279297,85.40899658203125,85.40899658203125,0
2025-04-18 07:44:00+00:00,85.41000366210938,85.41000366210938,85.41000366210938,85.41000366210938,0
2025-04-18 07:45:00+00:00,85.40699768066406,85.40699768066406,85.40699768066406,85.40699768066406,0
2025-04-18 07:46:00+00:00,85.40399932861328,85.40399932861328,85.40299987792969,85.40299987792969,0
2025-04-18 07:47:00+00:00,85.40399932861328,85.40399932861328,85.40399932861328,85.40399932861328,0
2025-04-18 07:48:00+00:00,85.40599822998047,85.40599822998047,85.40599822998047,85.40599822998047,0
2025-04-18 07:49:00+00:00,85.40599822998047,85.40599822998047,85.40599822998047,85.40599822998047,0
2025-04-18 07:50:00+00:00,85.40699768066406,85.40699768066406,85.40699768066406,85.40699768066406,0
2025-04-18 07:51:00+00:00,85.40499877929688,85.40499877929688,85.40499877929688,85.40499877929688,0
2025-04-18 07:52:00+00:00,85.40499877929688,85.40499877929688,85.40499877929688,85.40499877929688,0
2025-04-18 07:53:00+00:00,85.40499877929688,85.40499877929688,85.40399932861328,85.40399932861328,0
2025-04-18 07:54:00+00:00,85.40499877929688,85.40499877929688,85.40499877929688,85.40499877929688,0
2025-04-18 07:55:00+00:00,85.40499877929688,85.40499877929688,85.40499877929688,85.40499877929688,0
2025-04-18 07:56:00+00:00,85.40499877929688,85.40499877929688,85.40499877929688,85.40499877929688,0
2025-04-18 07:57:00+00:00,85.40499877929688,85.40499877929688,85.40499877929688,85.40499877929688,0
2025-04-18 07:58:00+00:00,85.40499877929688,85.40499877929688,85.40499877929688,85.40499877929688,0
2025-04-18 07:59:00+00:00,85.40699768066406,85.40699768066406,85.40499877929688,85.40499877929688,0
2025-04-18 08:00:00+00:00,85.40699768066406,85.40699768066406,85.40699768066406,85.40699768066406,0
2025-04-18 08:01:00+00:00,85.40499877929688,85.40499877929688,85.40499877929688,85.40499877929688,0
2025-04-18 08:02:00+00:00,85.40499877929688,85.40499877929688,85.40499877929688,85.40499877929688,0
2025-04-18 08:03:00+00:00,85.40499877929688,85.40499877929688,85.40499877929688,85.40499877929688,0
2025-04-18 08:04:00+00:00,85.40499877929688,85.40499877929688,85.40499877929688,85.40499877929688,0
2025-04-18 08:05:00+00:00,85.40299987792969,85.40299987792969,85.4020004272461,85.4020004272461,0
2025-04-18 08:06:00+00:00,85.4020004272461,85.4020004272461,85.4010009765625,85.4010009765625,0
2025-04-18 08:07:00+00:00,85.39800262451172,85.39800262451172,85.39199829101562,85.39199829101562,0
2025-04-18 08:08:00+00:00,85.4000015258789,85.4000015258789,85.39800262451172,85.39800262451172,0
2025-04-18 08:09:00+00:00,85.39800262451172,85.4000015258789,85.39800262451172,85.4000015258789,0
2025-04-18 08:10:00+00:00,85.39900207519531,85.39900207519531,85.39900207519531,85.39900207519531,0
2025-04-18 08:11:00+00:00,85.39900207519531,85.39900207519531,85.39900207519531,85.39900207519531,0
2025-04-18 08:12:00+00:00,85.4010009765625,85.4010009765625,85.4010009765625,85.4010009765625,0
2025-04-18 08:13:00+00:00,85.39900207519531,85.4010009765625,85.39900207519531,85.4010009765625,0
2025-04-18 08:14:00+00:00,85.39900207519531,85.39900207519531,85.39900207519531,85.39900207519531,0
2025-04-18 08:15:00+00:00,85.40399932861328,85.40399932861328,85.39900207519531,85.39900207519531,0
2025-04-18 08:16:00+00:00,85.40499877929688,85.40499877929688,85.40299987792969,85.40299987792969,0
2025-04-18 08:17:00+00:00,85.40299987792969,85.40299987792969,85.40299987792969,85.40299987792969,0
2025-04-18 08:18:00+00:00,85.40499877929688,85.40499877929688,85.40499877929688,85.40499877929688,0
2025-04-18 08:19:00+00:00,85.41100311279297,85.41100311279297,85.40499877929688,85.40499877929688,0
2025-04-18 08:20:00+00:00,85.41100311279297,85.41100311279297,85.41100311279297,85.41100311279297,0
2025-04-18 08:21:00+00:00,85.41200256347656,85.41200256347656,85.41100311279297,85.41100311279297,0
2025-04-18 08:22:00+00:00,85.41000366210938,85.41000366210938,85.41000366210938,85.41000366210938,0
2025-04-18 08:23:00+00:00,85.41000366210938,85.41000366210938,85.41000366210938,85.41000366210938,0
2025-04-18 08:24:00+00:00,85.41000366210938,85.41000366210938,85.41000366210938,85.41000366210938,0
2025-04-18 08:25:00+00:00,85.41100311279297,85.41100311279297,85.41000366210938,85.41000366210938,0
2025-04-18 08:26:00+00:00,85.41100311279297,85.41100311279297,85.41100311279297,85.41100311279297,0
2025-04-18 08:27:00+00:00,85.41100311279297,85.41100311279297,85.41100311279297,85.41100311279297,0
2025-04-18 08:28:00+00:00,85.40899658203125,85.41000366210938,85.40899658203125,85.41000366210938,0
2025-04-18 08:29:00+00:00,85.40899658203125,85.40899658203125,85.40899658203125,85.40899658203125,0
2025-04-18 08:30:00+00:00,85.40899658203125,85.40899658203125,85.40899658203125,85.40899658203125,0
2025-04-18 08:31:00+00:00,85.40899658203125,85.40899658203125,85.40899658203125,85.40899658203125,0
2025-04-18 08:32:00+00:00,85.41000366210938,85.41000366210938,85.41000366210938,85.41000366210938,0
2025-04-18 08:33:00+00:00,85.43499755859375,85.43499755859375,85.43499755859375,85.43499755859375,0
2025-04-18 08:34:00+00:00,85.43399810791016,85.43399810791016,85.43399810791016,85.43399810791016,0
2025-04-18 08:35:00+00:00,85.43299865722656,85.43399810791016,85.43299865722656,85.43399810791016,0
2025-04-18 08:36:00+00:00,85.43000030517578,85.43399810791016,85.43000030517578,85.43399810791016,0
2025-04-18 08:37:00+00:00,85.43199920654297,85.43199920654297,85.43000030517578,85.43000030517578,0
2025-04-18 08:38:00+00:00,85.427001953125,85.4280014038086,85.427001953125,85.4280014038086,0
2025-04-18 08:39:00+00:00,85.427001953125,85.427001953125,85.427001953125,85.427001953125,0
2025-04-18 08:40:00+00:00,85.4260025024414,85.427001953125,85.4260025024414,85.427001953125,0
2025-04-18 08:41:00+00:00,85.4260025024414,85.427001953125,85.4260025024414,85.427001953125,0
2025-04-18 08:42:00+00:00,85.4260025024414,85.4260025024414,85.4260025024414,85.4260025024414,0
2025-04-18 08:43:00+00:00,85.4260025024414,85.4260025024414,85.4260025024414,85.4260025024414,0
2025-04-18 08:44:00+00:00,85.42500305175781,85.4260025024414,85.42500305175781,85.4260025024414,0
2025-04-18 08:45:00+00:00,85.427001953125,85.427001953125,85.4260025024414,85.4260025024414,0
2025-04-18 08:46:00+00:00,85.4280014038086,85.4280014038086,85.4280014038086,85.4280014038086,0
2025-04-18 08:47:00+00:00,85.42500305175781,85.4280014038086,85.42500305175781,85.4280014038086,0
2025-04-18 08:48:00+00:00,85.427001953125,85.42900085449219,85.427001953125,85.42900085449219,0
2025-04-18 08:49:00+00:00,85.42900085449219,85.42900085449219,85.427001953125,85.427001953125,0
2025-04-18 08:50:00+00:00,85.42900085449219,85.42900085449219,85.4280014038086,85.4280014038086,0
2025-04-18 08:51:00+00:00,85.42900085449219,85.42900085449219,85.42900085449219,85.42900085449219,0
2025-04-18 08:52:00+00:00,85.43199920654297,85.43299865722656,85.43199920654297,85.43299865722656,0
2025-04-18 08:53:00+00:00,85.43399810791016,85.43399810791016,85.43399810791016,85.43399810791016,0
2025-04-18 08:54:00+00:00,85.43399810791016,85.43399810791016,85.43399810791016,85.43399810791016,0
2025-04-18 08:55:00+00:00,85.43299865722656,85.43299865722656,85.43299865722656,85.43299865722656,0
2025-04-18 08:56:00+00:00,85.43399810791016,85.43399810791016,85.43299865722656,85.43299865722656,0
2025-04-18 08:57:00+00:00,85.43499755859375,85.43499755859375,85.43499755859375,85.43499755859375,0
2025-04-18 08:58:00+00:00,85.43299865722656,85.43299865722656,85.43299865722656,85.43299865722656,0
2025-04-18 08:59:00+00:00,85.43299865722656,85.43299865722656,85.43299865722656,85.43299865722656,0
2025-04-18 09:00:00+00:00,85.43399810791016,85.43399810791016,85.43399810791016,85.43399810791016,0
2025-04-18 09:01:00+00:00,85.43299865722656,85.43299865722656,85.43299865722656,85.43299865722656,0
2025-04-18 09:02:00+00:00,85.44400024414062,85.44400024414062,85.44400024414062,85.44400024414062,0
2025-04-18 09:03:00+00:00,85.44400024414062,85.44499969482422,85.44400024414062,85.44499969482422,0
2025-04-18 09:04:00+00:00,85.44300079345703,85.44300079345703,85.44300079345703,85.44300079345703,0
2025-04-18 09:05:00+00:00,85.44300079345703,85.44300079345703,85.44300079345703,85.44300079345703,0
2025-04-18 09:06:00+00:00,85.44300079345703,85.44400024414062,85.44300079345703,85.44400024414062,0
2025-04-18 09:07:00+00:00,85.44400024414062,85.44400024414062,85.44300079345703,85.44300079345703,0
2025-04-18 09:08:00+00:00,85.44499969482422,85.44499969482422,85.44300079345703,85.44300079345703,0
2025-04-18 09:09:00+00:00,85.44400024414062,85.44499969482422,85.44400024414062,85.44499969482422,0
2025-04-18 09:10:00+00:00,85.44300079345703,85.44300079345703,85.44300079345703,85.44300079345703,0
2025-04-18 09:11:00+00:00,85.4540023803711,85.45500183105469,85.4540023803711,85.45500183105469,0
2025-04-18 09:12:00+00:00,85.45500183105469,85.45500183105469,85.4540023803711,85.4540023803711,0
2025-04-18 09:13:00+00:00,85.44499969482422,85.4520034790039,85.44499969482422,85.4520034790039,0
2025-04-18 09:14:00+00:00,85.44599914550781,85.44599914550781,85.44599914550781,85.44599914550781,0
2025-04-18 09:15:00+00:00,85.447998046875,85.447998046875,85.44599914550781,85.44599914550781,0
2025-04-18 09:16:00+00:00,85.447998046875,85.447998046875,85.447998046875,85.447998046875,0
2025-04-18 09:17:00+00:00,85.43800354003906,85.4489974975586,85.43800354003906,85.4489974975586,0
2025-04-18 09:18:00+00:00,85.44200134277344,85.44200134277344,85.44200134277344,85.44200134277344,0
2025-04-18 09:19:00+00:00,85.44599914550781,85.44599914550781,85.44499969482422,85.44499969482422,0
2025-04-18 09:20:00+00:00,85.4260025024414,85.44499969482422,85.4260025024414,85.44499969482422,0
2025-04-18 09:21:00+00:00,85.427001953125,85.427001953125,85.42500305175781,85.42500305175781,0
2025-04-18 09:22:00+00:00,85.427001953125,85.427001953125,85.427001953125,85.427001953125,0
2025-04-18 09:23:00+00:00,85.42900085449219,85.42900085449219,85.42900085449219,85.42900085449219,0
2025-04-18 09:24:00+00:00,85.42900085449219,85.42900085449219,85.42900085449219,85.42900085449219,0
2025-04-18 09:25:00+00:00,85.43000030517578,85.43000030517578,85.43000030517578,85.43000030517578,0
2025-04-18 09:26:00+00:00,85.4280014038086,85.4280014038086,85.427001953125,85.427001953125,0
2025-04-18 09:27:00+00:00,85.4260025024414,85.42900085449219,85.4260025024414,85.42900085449219,0
2025-04-18 09:28:00+00:00,85.4260025024414,85.4260025024414,85.4260025024414,85.4260025024414,0
2025-04-18 09:29:00+00:00,85.4260025024414,85.427001953125,85.4260025024414,85.427001953125,0
2025-04-18 09:30:00+00:00,85.427001953125,85.427001953125,85.42500305175781,85.42500305175781,0
2025-04-18 09:31:00+00:00,85.42500305175781,85.42500305175781,85.42500305175781,85.42500305175781,0
2025-04-18 09:32:00+00:00,85.4260025024414,85.4260025024414,85.42500305175781,85.42500305175781,0
2025-04-18 09:33:00+00:00,85.4260025024414,85.4260025024414,85.4260025024414,85.4260025024414,0
2025-04-18 09:34:00+00:00,85.42400360107422,85.42500305175781,85.42400360107422,85.42500305175781,0
2025-04-18 09:35:00+00:00,85.42500305175781,85.42500305175781,85.42500305175781,85.42500305175781,0
2025-04-18 09:36:00+00:00,85.42500305175781,85.42500305175781,85.42500305175781,85.42500305175781,0
2025-04-18 09:37:00+00:00,85.41300201416016,85.42900085449219,85.41300201416016,85.42900085449219,0
2025-04-18 09:38:00+00:00,85.41500091552734,85.41500091552734,85.41500091552734,85.41500091552734,0
2025-04-18 09:39:00+00:00,85.41699981689453,85.41699981689453,85.41500091552734,85.41500091552734,0
2025-04-18 09:40:00+00:00,85.41600036621094,85.41600036621094,85.41500091552734,85.41500091552734,0
2025-04-18 09:41:00+00:00,85.40899658203125,85.41600036621094,85.40899658203125,85.41600036621094,0
2025-04-18 09:42:00+00:00,85.40899658203125,85.40899658203125,85.40799713134766,85.40799713134766,0
2025-04-18 09:43:00+00:00,85.40899658203125,85.40899658203125,85.40899658203125,85.40899658203125,0
2025-04-18 09:44:00+00:00,85.40899658203125,85.40899658203125,85.40899658203125,85.40899658203125,0
2025-04-18 09:45:00+00:00,85.41699981689453,85.41699981689453,85.41300201416016,85.41300201416016,0
2025-04-18 09:46:00+00:00,85.41600036621094,85.41600036621094,85.41600036621094,85.41600036621094,0
2025-04-18 09:47:00+00:00,85.41699981689453,85.41699981689453,85.41500091552734,85.41500091552734,0
2025-04-18 09:48:00+00:00,85.41400146484375,85.41699981689453,85.41400146484375,85.41699981689453,0
2025-04-18 09:49:00+00:00,85.41699981689453,85.41699981689453,85.41699981689453,85.41699981689453,0
2025-04-18 09:50:00+00:00,85.41500091552734,85.41600036621094,85.41500091552734,85.41600036621094,0
2025-04-18 09:51:00+00:00,85.41600036621094,85.41600036621094,85.41500091552734,85.41500091552734,0
2025-04-18 09:52:00+00:00,85.41600036621094,85.41600036621094,85.41600036621094,85.41600036621094,0
2025-04-18 09:53:00+00:00,85.41600036621094,85.41600036621094,85.41600036621094,85.41600036621094,0
2025-04-18 09:54:00+00:00,85.42400360107422,85.42400360107422,85.42400360107422,85.42400360107422,0
2025-04-18 09:55:00+00:00,85.4229965209961,85.4229965209961,85.4229965209961,85.4229965209961,0
2025-04-18 09:56:00+00:00,85.42400360107422,85.42400360107422,85.4229965209961,85.4229965209961,0
2025-04-18 09:57:00+00:00,85.4229965209961,85.42400360107422,85.4229965209961,85.42400360107422,0
2025-04-18 09:58:00+00:00,85.4229965209961,85.4229965209961,85.4229965209961,85.4229965209961,0
2025-04-18 09:59:00+00:00,85.4229965209961,85.4229965209961,85.4229965209961,85.4229965209961,0
2025-04-18 10:00:00+00:00,85.42400360107422,85.42400360107422,85.4229965209961,85.4229965209961,0
2025-04-18 10:01:00+00:00,85.42400360107422,85.42400360107422,85.42400360107422,85.42400360107422,0
2025-04-18 10:02:00+00:00,85.4229965209961,85.4229965209961,85.4229965209961,85.4229965209961,0
2025-04-18 10:03:00+00:00,85.4229965209961,85.4229965209961,85.4229965209961,85.4229965209961,0
2025-04-18 10:04:00+00:00,85.4229965209961,85.4229965209961,85.4229965209961,85.4229965209961,0
2025-04-18 10:05:00+00:00,85.4229965209961,85.4229965209961,85.4229965209961,85.4229965209961,0
2025-04-18 10:06:00+00:00,85.42400360107422,85.42400360107422,85.4229965209961,85.4229965209961,0
2025-04-18 10:07:00+00:00,85.41600036621094,85.42400360107422,85.41600036621094,85.42400360107422,0
2025-04-18 10:08:00+00:00,85.41600036621094,85.41600036621094,85.41600036621094,85.41600036621094,0
2025-04-18 10:09:00+00:00,85.41600036621094,85.41600036621094,85.41600036621094,85.41600036621094,0
2025-04-18 10:10:00+00:00,85.41600036621094,85.41600036621094,85.41600036621094,85.41600036621094,0
2025-04-18 10:11:00+00:00,85.41899871826172,85.41899871826172,85.41600036621094,85.41600036621094,0
2025-04-18 10:12:00+00:00,85.41500091552734,85.41500091552734,85.41500091552734,85.41500091552734,0
2025-04-18 10:13:00+00:00,85.41500091552734,85.41500091552734,85.41500091552734,85.41500091552734,0
2025-04-18 10:14:00+00:00,85.41500091552734,85.41500091552734,85.41500091552734,85.41500091552734,0
2025-04-18 10:15:00+00:00,85.41500091552734,85.41500091552734,85.41500091552734,85.41500091552734,0
2025-04-18 10:16:00+00:00,85.41500091552734,85.41500091552734,85.41500091552734,85.41500091552734,0
2025-04-18 10:17:00+00:00,85.41500091552734,85.41500091552734,85.41500091552734,85.41500091552734,0
2025-04-18 10:18:00+00:00,85.41500091552734,85.41500091552734,85.41500091552734,85.41500091552734,0
2025-04-18 10:19:00+00:00,85.41500091552734,85.41500091552734,85.41500091552734,85.41500091552734,0
2025-04-18 10:20:00+00:00,85.41500091552734,85.41500091552734,85.41500091552734,85.41500091552734,0
2025-04-18 10:21:00+00:00,85.41500091552734,85.41500091552734,85.41500091552734,85.41500091552734,0
2025-04-18 10:22:00+00:00,85.41500091552734,85.41500091552734,85.41500091552734,85.41500091552734,0
2025-04-18 10:23:00+00:00,85.41500091552734,85.41500091552734,85.41500091552734,85.41500091552734,0
2025-04-18 10:24:00+00:00,85.41500091552734,85.41500091552734,85.41500091552734,85.41500091552734,0
2025-04-18 10:25:00+00:00,85.41500091552734,85.41500091552734,85.41500091552734,85.41500091552734,0
2025-04-18 10:26:00+00:00,85.41500091552734,85.41500091552734,85.41500091552734,85.41500091552734,0
2025-04-18 10:27:00+00:00,85.41500091552734,85.41600036621094,85.41500091552734,85.41600036621094,0
2025-04-18 10:28:00+00:00,85.41500091552734,85.41500091552734,85.41500091552734,85.41500091552734,0
2025-04-18 10:29:00+00:00,85.41500091552734,85.41500091552734,85.41500091552734,85.41500091552734,0
2025-04-18 10:30:00+00:00,85.41500091552734,85.41500091552734,85.41500091552734,85.41500091552734,0
2025-04-18 10:31:00+00:00,85.41500091552734,85.41500091552734,85.41500091552734,85.41500091552734,0
2025-04-18 10:32:00+00:00,85.41500091552734,85.41500091552734,85.41500091552734,85.41500091552734,0
2025-04-18 10:33:00+00:00,85.41500091552734,85.41500091552734,85.41500091552734,85.41500091552734,0
2025-04-18 10:34:00+00:00,85.41600036621094,85.41600036621094,85.41600036621094,85.41600036621094,0
2025-04-18 10:35:00+00:00,85.41500091552734,85.41500091552734,85.41500091552734,85.41500091552734,0
2025-04-18 10:36:00+00:00,85.41500091552734,85.41500091552734,85.41500091552734,85.41500091552734,0
2025-04-18 10:37:00+00:00,85.41500091552734,85.41500091552734,85.41500091552734,85.41500091552734,0
2025-04-18 10:38:00+00:00,85.41500091552734,85.41600036621094,85.41500091552734,85.41600036621094,0
2025-04-18 10:39:00+00:00,85.41500091552734,85.41500091552734,85.41500091552734,85.41500091552734,0
2025-04-18 10:40:00+00:00,85.41500091552734,85.41500091552734,85.41500091552734,85.41500091552734,0
2025-04-18 10:41:00+00:00,85.41600036621094,85.41600036621094,85.41600036621094,85.41600036621094,0
2025-04-18 10:42:00+00:00,85.41600036621094,85.41600036621094,85.41600036621094,85.41600036621094,0
2025-04-18 10:43:00+00:00,85.41600036621094,85.41600036621094,85.41500091552734,85.41500091552734,0
2025-04-18 10:44:00+00:00,85.41600036621094,85.41600036621094,85.41500091552734,85.41500091552734,0
2025-04-18 10:45:00+00:00,85.41699981689453,85.41699981689453,85.41600036621094,85.41600036621094,0
2025-04-18 10:46:00+00:00,85.41600036621094,85.41600036621094,85.41600036621094,85.41600036621094,0
2025-04-18 10:47:00+00:00,85.41699981689453,85.41699981689453,85.41699981689453,85.41699981689453,0
2025-04-18 10:48:00+00:00,85.41500091552734,85.41600036621094,85.41500091552734,85.41600036621094,0
2025-04-18 10:49:00+00:00,85.41600036621094,85.41600036621094,85.41600036621094,85.41600036621094,0
2025-04-18 10:50:00+00:00,85.41600036621094,85.41600036621094,85.41600036621094,85.41600036621094,0
2025-04-18 10:51:00+00:00,85.41600036621094,85.41600036621094,85.41500091552734,85.41500091552734,0
2025-04-18 10:52:00+00:00,85.41500091552734,85.41500091552734,85.41500091552734,85.41500091552734,0
2025-04-18 10:53:00+00:00,85.41500091552734,85.41500091552734,85.41500091552734,85.41500091552734,0
2025-04-18 10:54:00+00:00,85.41600036621094,85.41600036621094,85.41600036621094,85.41600036621094,0
2025-04-18 10:55:00+00:00,85.41600036621094,85.41600036621094,85.41600036621094,85.41600036621094,0
2025-04-18 10:56:00+00:00,85.41699981689453,85.41699981689453,85.41600036621094,85.41600036621094,0
2025-04-18 10:57:00+00:00,85.41500091552734,85.41500091552734,85.41500091552734,85.41500091552734,0
2025-04-18 10:58:00+00:00,85.41500091552734,85.41500091552734,85.41500091552734,85.41500091552734,0
2025-04-18 10:59:00+00:00,85.41500091552734,85.41500091552734,85.41500091552734,85.41500091552734,0
2025-04-18 11:00:00+00:00,85.41500091552734,85.41500091552734,85.41500091552734,85.41500091552734,0
2025-04-18 11:01:00+00:00,85.41500091552734,85.41500091552734,85.41500091552734,85.41500091552734,0
2025-04-18 11:02:00+00:00,85.41600036621094,85.41600036621094,85.41500091552734,85.41500091552734,0
2025-04-18 11:03:00+00:00,85.41500091552734,85.41500091552734,85.41500091552734,85.41500091552734,0
2025-04-18 11:04:00+00:00,85.41500091552734,85.41500091552734,85.41500091552734,85.41500091552734,0
2025-04-18 11:05:00+00:00,85.41400146484375,85.41500091552734,85.41400146484375,85.41500091552734,0
2025-04-18 11:06:00+00:00,85.41500091552734,85.41500091552734,85.41400146484375,85.41400146484375,0
2025-04-18 11:07:00+00:00,85.41500091552734,85.41500091552734,85.41500091552734,85.41500091552734,0
2025-04-18 11:08:00+00:00,85.41500091552734,85.41500091552734,85.41500091552734,85.41500091552734,0
2025-04-18 11:09:00+00:00,85.41600036621094,85.41600036621094,85.41500091552734,85.41500091552734,0
2025-04-18 11:10:00+00:00,85.41500091552734,85.41500091552734,85.41500091552734,85.41500091552734,0
2025-04-18 11:11:00+00:00,85.41500091552734,85.41500091552734,85.41500091552734,85.41500091552734,0
2025-04-18 11:12:00+00:00,85.41400146484375,85.41500091552734,85.41400146484375,85.41500091552734,0
2025-04-18 11:13:00+00:00,85.41500091552734,85.41500091552734,85.41400146484375,85.41400146484375,0
2025-04-18 11:14:00+00:00,85.41500091552734,85.41500091552734,85.41500091552734,85.41500091552734,0
2025-04-18 11:15:00+00:00,85.40699768066406,85.41400146484375,85.40699768066406,85.41400146484375,0
2025-04-18 11:16:00+00:00,85.40899658203125,85.40899658203125,85.40699768066406,85.40699768066406,0
2025-04-18 13:39:00+00:00,85.40899658203125,85.40899658203125,85.40899658203125,85.40899658203125,0
2025-04-18 13:56:00+00:00,85.40899658203125,85.40899658203125,85.40899658203125,85.40899658203125,0
2025-04-18 15:43:00+00:00,85.40899658203125,85.40899658203125,85.40899658203125,85.40899658203125,0
2025-04-18 16:29:00+00:00,85.37999725341797,85.37999725341797,85.37999725341797,85.37999725341797,0
2025-04-18 20:58:00+00:00,85.40899658203125,85.40899658203125,85.40899658203125,85.40899658203125,0
